source_field_name	source_value	model_input_field_name	feature_type	encoding_rule	missingness_action	distinct_non_missing_count	manual_review_needed	notes
age_at_diagnosis	[numeric_passthrough]	age_at_diagnosis	numeric_continuous	passthrough_numeric	keep_as_is_for_now	65	false	Numeric source values are carried forward unchanged; missing-like values remain blank in the model-input matrix.
ajcc_metastasis_pathologic_pm	M0	ajcc_metastasis_pathologic_pm__m0	nominal_categorical	one_hot_encode	keep_as_is_for_now	4	true	Exact raw source category is represented by this one-hot output column.
ajcc_metastasis_pathologic_pm	M1	ajcc_metastasis_pathologic_pm__m1	nominal_categorical	one_hot_encode	keep_as_is_for_now	4	true	Exact raw source category is represented by this one-hot output column.
ajcc_metastasis_pathologic_pm	MX	ajcc_metastasis_pathologic_pm__mx	nominal_categorical	one_hot_encode	keep_as_is_for_now	4	true	Exact raw source category is represented by this one-hot output column.
ajcc_metastasis_pathologic_pm	cM0 (i+)	ajcc_metastasis_pathologic_pm__cm0_i	nominal_categorical	one_hot_encode	keep_as_is_for_now	4	true	Exact raw source category is represented by this one-hot output column.
ajcc_nodes_pathologic_pn	N0	ajcc_nodes_pathologic_pn__n0	nominal_categorical	one_hot_encode	keep_as_is_for_now	16	true	Exact raw source category is represented by this one-hot output column.
ajcc_nodes_pathologic_pn	N0 (i+)	ajcc_nodes_pathologic_pn__n0_i	nominal_categorical	one_hot_encode	keep_as_is_for_now	16	true	Exact raw source category is represented by this one-hot output column.
ajcc_nodes_pathologic_pn	N0 (i-)	ajcc_nodes_pathologic_pn__n0_i__dup2	nominal_categorical	one_hot_encode	keep_as_is_for_now	16	true	Exact raw source category is represented by this one-hot output column.
ajcc_nodes_pathologic_pn	N0 (mol+)	ajcc_nodes_pathologic_pn__n0_mol	nominal_categorical	one_hot_encode	keep_as_is_for_now	16	true	Exact raw source category is represented by this one-hot output column.
ajcc_nodes_pathologic_pn	N1	ajcc_nodes_pathologic_pn__n1	nominal_categorical	one_hot_encode	keep_as_is_for_now	16	true	Exact raw source category is represented by this one-hot output column.
ajcc_nodes_pathologic_pn	N1a	ajcc_nodes_pathologic_pn__n1a	nominal_categorical	one_hot_encode	keep_as_is_for_now	16	true	Exact raw source category is represented by this one-hot output column.
ajcc_nodes_pathologic_pn	N1b	ajcc_nodes_pathologic_pn__n1b	nominal_categorical	one_hot_encode	keep_as_is_for_now	16	true	Exact raw source category is represented by this one-hot output column.
ajcc_nodes_pathologic_pn	N1c	ajcc_nodes_pathologic_pn__n1c	nominal_categorical	one_hot_encode	keep_as_is_for_now	16	true	Exact raw source category is represented by this one-hot output column.
ajcc_nodes_pathologic_pn	N1mi	ajcc_nodes_pathologic_pn__n1mi	nominal_categorical	one_hot_encode	keep_as_is_for_now	16	true	Exact raw source category is represented by this one-hot output column.
ajcc_nodes_pathologic_pn	N2	ajcc_nodes_pathologic_pn__n2	nominal_categorical	one_hot_encode	keep_as_is_for_now	16	true	Exact raw source category is represented by this one-hot output column.
ajcc_nodes_pathologic_pn	N2a	ajcc_nodes_pathologic_pn__n2a	nominal_categorical	one_hot_encode	keep_as_is_for_now	16	true	Exact raw source category is represented by this one-hot output column.
ajcc_nodes_pathologic_pn	N3	ajcc_nodes_pathologic_pn__n3	nominal_categorical	one_hot_encode	keep_as_is_for_now	16	true	Exact raw source category is represented by this one-hot output column.
ajcc_nodes_pathologic_pn	N3a	ajcc_nodes_pathologic_pn__n3a	nominal_categorical	one_hot_encode	keep_as_is_for_now	16	true	Exact raw source category is represented by this one-hot output column.
ajcc_nodes_pathologic_pn	N3b	ajcc_nodes_pathologic_pn__n3b	nominal_categorical	one_hot_encode	keep_as_is_for_now	16	true	Exact raw source category is represented by this one-hot output column.
ajcc_nodes_pathologic_pn	N3c	ajcc_nodes_pathologic_pn__n3c	nominal_categorical	one_hot_encode	keep_as_is_for_now	16	true	Exact raw source category is represented by this one-hot output column.
ajcc_nodes_pathologic_pn	NX	ajcc_nodes_pathologic_pn__nx	nominal_categorical	one_hot_encode	keep_as_is_for_now	16	true	Exact raw source category is represented by this one-hot output column.
ajcc_pathologic_tumor_stage	Stage I	ajcc_pathologic_tumor_stage__stage_i	nominal_categorical	one_hot_encode	allow_missing_category	12	true	Exact raw source category is represented by this one-hot output column.
ajcc_pathologic_tumor_stage	Stage IA	ajcc_pathologic_tumor_stage__stage_ia	nominal_categorical	one_hot_encode	allow_missing_category	12	true	Exact raw source category is represented by this one-hot output column.
ajcc_pathologic_tumor_stage	Stage IB	ajcc_pathologic_tumor_stage__stage_ib	nominal_categorical	one_hot_encode	allow_missing_category	12	true	Exact raw source category is represented by this one-hot output column.
ajcc_pathologic_tumor_stage	Stage II	ajcc_pathologic_tumor_stage__stage_ii	nominal_categorical	one_hot_encode	allow_missing_category	12	true	Exact raw source category is represented by this one-hot output column.
ajcc_pathologic_tumor_stage	Stage IIA	ajcc_pathologic_tumor_stage__stage_iia	nominal_categorical	one_hot_encode	allow_missing_category	12	true	Exact raw source category is represented by this one-hot output column.
ajcc_pathologic_tumor_stage	Stage IIB	ajcc_pathologic_tumor_stage__stage_iib	nominal_categorical	one_hot_encode	allow_missing_category	12	true	Exact raw source category is represented by this one-hot output column.
ajcc_pathologic_tumor_stage	Stage III	ajcc_pathologic_tumor_stage__stage_iii	nominal_categorical	one_hot_encode	allow_missing_category	12	true	Exact raw source category is represented by this one-hot output column.
ajcc_pathologic_tumor_stage	Stage IIIA	ajcc_pathologic_tumor_stage__stage_iiia	nominal_categorical	one_hot_encode	allow_missing_category	12	true	Exact raw source category is represented by this one-hot output column.
ajcc_pathologic_tumor_stage	Stage IIIB	ajcc_pathologic_tumor_stage__stage_iiib	nominal_categorical	one_hot_encode	allow_missing_category	12	true	Exact raw source category is represented by this one-hot output column.
ajcc_pathologic_tumor_stage	Stage IIIC	ajcc_pathologic_tumor_stage__stage_iiic	nominal_categorical	one_hot_encode	allow_missing_category	12	true	Exact raw source category is represented by this one-hot output column.
ajcc_pathologic_tumor_stage	Stage IV	ajcc_pathologic_tumor_stage__stage_iv	nominal_categorical	one_hot_encode	allow_missing_category	12	true	Exact raw source category is represented by this one-hot output column.
ajcc_pathologic_tumor_stage	Stage X	ajcc_pathologic_tumor_stage__stage_x	nominal_categorical	one_hot_encode	allow_missing_category	12	true	Exact raw source category is represented by this one-hot output column.
ajcc_pathologic_tumor_stage	[missing_like]	ajcc_pathologic_tumor_stage__missing	nominal_categorical	one_hot_encode	allow_missing_category	12	true	Dedicated missingness indicator for missing-like source cells in this categorical field.
ajcc_staging_edition	3rd	ajcc_staging_edition__3rd	nominal_categorical	one_hot_encode	allow_missing_category	5	true	Exact raw source category is represented by this one-hot output column.
ajcc_staging_edition	4th	ajcc_staging_edition__4th	nominal_categorical	one_hot_encode	allow_missing_category	5	true	Exact raw source category is represented by this one-hot output column.
ajcc_staging_edition	5th	ajcc_staging_edition__5th	nominal_categorical	one_hot_encode	allow_missing_category	5	true	Exact raw source category is represented by this one-hot output column.
ajcc_staging_edition	6th	ajcc_staging_edition__6th	nominal_categorical	one_hot_encode	allow_missing_category	5	true	Exact raw source category is represented by this one-hot output column.
ajcc_staging_edition	7th	ajcc_staging_edition__7th	nominal_categorical	one_hot_encode	allow_missing_category	5	true	Exact raw source category is represented by this one-hot output column.
ajcc_staging_edition	[missing_like]	ajcc_staging_edition__missing	nominal_categorical	one_hot_encode	allow_missing_category	5	true	Dedicated missingness indicator for missing-like source cells in this categorical field.
ajcc_tumor_pathologic_pt	T1	ajcc_tumor_pathologic_pt__t1	nominal_categorical	one_hot_encode	keep_as_is_for_now	13	true	Exact raw source category is represented by this one-hot output column.
ajcc_tumor_pathologic_pt	T1a	ajcc_tumor_pathologic_pt__t1a	nominal_categorical	one_hot_encode	keep_as_is_for_now	13	true	Exact raw source category is represented by this one-hot output column.
ajcc_tumor_pathologic_pt	T1b	ajcc_tumor_pathologic_pt__t1b	nominal_categorical	one_hot_encode	keep_as_is_for_now	13	true	Exact raw source category is represented by this one-hot output column.
ajcc_tumor_pathologic_pt	T1c	ajcc_tumor_pathologic_pt__t1c	nominal_categorical	one_hot_encode	keep_as_is_for_now	13	true	Exact raw source category is represented by this one-hot output column.
ajcc_tumor_pathologic_pt	T2	ajcc_tumor_pathologic_pt__t2	nominal_categorical	one_hot_encode	keep_as_is_for_now	13	true	Exact raw source category is represented by this one-hot output column.
ajcc_tumor_pathologic_pt	T2a	ajcc_tumor_pathologic_pt__t2a	nominal_categorical	one_hot_encode	keep_as_is_for_now	13	true	Exact raw source category is represented by this one-hot output column.
ajcc_tumor_pathologic_pt	T2b	ajcc_tumor_pathologic_pt__t2b	nominal_categorical	one_hot_encode	keep_as_is_for_now	13	true	Exact raw source category is represented by this one-hot output column.
ajcc_tumor_pathologic_pt	T3	ajcc_tumor_pathologic_pt__t3	nominal_categorical	one_hot_encode	keep_as_is_for_now	13	true	Exact raw source category is represented by this one-hot output column.
ajcc_tumor_pathologic_pt	T3a	ajcc_tumor_pathologic_pt__t3a	nominal_categorical	one_hot_encode	keep_as_is_for_now	13	true	Exact raw source category is represented by this one-hot output column.
ajcc_tumor_pathologic_pt	T4	ajcc_tumor_pathologic_pt__t4	nominal_categorical	one_hot_encode	keep_as_is_for_now	13	true	Exact raw source category is represented by this one-hot output column.
ajcc_tumor_pathologic_pt	T4b	ajcc_tumor_pathologic_pt__t4b	nominal_categorical	one_hot_encode	keep_as_is_for_now	13	true	Exact raw source category is represented by this one-hot output column.
ajcc_tumor_pathologic_pt	T4d	ajcc_tumor_pathologic_pt__t4d	nominal_categorical	one_hot_encode	keep_as_is_for_now	13	true	Exact raw source category is represented by this one-hot output column.
ajcc_tumor_pathologic_pt	TX	ajcc_tumor_pathologic_pt__tx	nominal_categorical	one_hot_encode	keep_as_is_for_now	13	true	Exact raw source category is represented by this one-hot output column.
anatomic_neoplasm_subdivision	Left	anatomic_neoplasm_subdivision__left	nominal_categorical	one_hot_encode	keep_as_is_for_now	53	true	Exact raw source category is represented by this one-hot output column.
anatomic_neoplasm_subdivision	Left Lower Inner Quadrant	anatomic_neoplasm_subdivision__left_lower_inner_quadrant	nominal_categorical	one_hot_encode	keep_as_is_for_now	53	true	Exact raw source category is represented by this one-hot output column.
anatomic_neoplasm_subdivision	Left Lower Inner Quadrant|Left	anatomic_neoplasm_subdivision__left_lower_inner_quadrant_left	nominal_categorical	one_hot_encode	keep_as_is_for_now	53	true	Exact raw source category is represented by this one-hot output column.
anatomic_neoplasm_subdivision	Left Lower Inner Quadrant|Left Lower Outer Quadrant	anatomic_neoplasm_subdivision__left_lower_inner_quadrant_left_lower_outer_quadrant	nominal_categorical	one_hot_encode	keep_as_is_for_now	53	true	Exact raw source category is represented by this one-hot output column.
anatomic_neoplasm_subdivision	Left Lower Inner Quadrant|Left Lower Outer Quadrant|Left	anatomic_neoplasm_subdivision__left_lower_inner_quadrant_left_lower_outer_quadrant_left	nominal_categorical	one_hot_encode	keep_as_is_for_now	53	true	Exact raw source category is represented by this one-hot output column.
anatomic_neoplasm_subdivision	Left Lower Outer Quadrant	anatomic_neoplasm_subdivision__left_lower_outer_quadrant	nominal_categorical	one_hot_encode	keep_as_is_for_now	53	true	Exact raw source category is represented by this one-hot output column.
anatomic_neoplasm_subdivision	Left Lower Outer Quadrant|Left	anatomic_neoplasm_subdivision__left_lower_outer_quadrant_left	nominal_categorical	one_hot_encode	keep_as_is_for_now	53	true	Exact raw source category is represented by this one-hot output column.
anatomic_neoplasm_subdivision	Left Upper Inner Quadrant	anatomic_neoplasm_subdivision__left_upper_inner_quadrant	nominal_categorical	one_hot_encode	keep_as_is_for_now	53	true	Exact raw source category is represented by this one-hot output column.
anatomic_neoplasm_subdivision	Left Upper Inner Quadrant|Left	anatomic_neoplasm_subdivision__left_upper_inner_quadrant_left	nominal_categorical	one_hot_encode	keep_as_is_for_now	53	true	Exact raw source category is represented by this one-hot output column.
anatomic_neoplasm_subdivision	Left Upper Inner Quadrant|Left Lower Inner Quadrant	anatomic_neoplasm_subdivision__left_upper_inner_quadrant_left_lower_inner_quadrant	nominal_categorical	one_hot_encode	keep_as_is_for_now	53	true	Exact raw source category is represented by this one-hot output column.
anatomic_neoplasm_subdivision	Left Upper Inner Quadrant|Left Lower Inner Quadrant|Left	anatomic_neoplasm_subdivision__left_upper_inner_quadrant_left_lower_inner_quadrant_left	nominal_categorical	one_hot_encode	keep_as_is_for_now	53	true	Exact raw source category is represented by this one-hot output column.
anatomic_neoplasm_subdivision	Left Upper Inner Quadrant|Left Lower Inner Quadrant|Left Lower Outer Quadrant|Left	anatomic_neoplasm_subdivision__left_upper_inner_quadrant_left_lower_inner_quadrant_left_lower_outer_quadrant_left	nominal_categorical	one_hot_encode	keep_as_is_for_now	53	true	Exact raw source category is represented by this one-hot output column.
anatomic_neoplasm_subdivision	Left Upper Inner Quadrant|Left Upper Outer Quadrant	anatomic_neoplasm_subdivision__left_upper_inner_quadrant_left_upper_outer_quadrant	nominal_categorical	one_hot_encode	keep_as_is_for_now	53	true	Exact raw source category is represented by this one-hot output column.
anatomic_neoplasm_subdivision	Left Upper Inner Quadrant|Left Upper Outer Quadrant|Left	anatomic_neoplasm_subdivision__left_upper_inner_quadrant_left_upper_outer_quadrant_left	nominal_categorical	one_hot_encode	keep_as_is_for_now	53	true	Exact raw source category is represented by this one-hot output column.
anatomic_neoplasm_subdivision	Left Upper Inner Quadrant|Left Upper Outer Quadrant|Left Lower Inner Quadrant|Left	anatomic_neoplasm_subdivision__left_upper_inner_quadrant_left_upper_outer_quadrant_left_lower_inner_quadrant_left	nominal_categorical	one_hot_encode	keep_as_is_for_now	53	true	Exact raw source category is represented by this one-hot output column.
anatomic_neoplasm_subdivision	Left Upper Inner Quadrant|Left Upper Outer Quadrant|Left Lower Inner Quadrant|Left Lower Outer Quadrant	anatomic_neoplasm_subdivision__left_upper_inner_quadrant_left_upper_outer_quadrant_left_lower_inner_quadrant_left_lower_outer_quadrant	nominal_categorical	one_hot_encode	keep_as_is_for_now	53	true	Exact raw source category is represented by this one-hot output column.
anatomic_neoplasm_subdivision	Left Upper Inner Quadrant|Left Upper Outer Quadrant|Left Lower Inner Quadrant|Left Lower Outer Quadrant|Left	anatomic_neoplasm_subdivision__left_upper_inner_quadrant_left_upper_outer_quadrant_left_lower_inner_quadrant_left_lower_outer_quadrant_left	nominal_categorical	one_hot_encode	keep_as_is_for_now	53	true	Exact raw source category is represented by this one-hot output column.
anatomic_neoplasm_subdivision	Left Upper Inner Quadrant|Left Upper Outer Quadrant|Left Lower Outer Quadrant|Left	anatomic_neoplasm_subdivision__left_upper_inner_quadrant_left_upper_outer_quadrant_left_lower_outer_quadrant_left	nominal_categorical	one_hot_encode	keep_as_is_for_now	53	true	Exact raw source category is represented by this one-hot output column.
anatomic_neoplasm_subdivision	Left Upper Outer Quadrant	anatomic_neoplasm_subdivision__left_upper_outer_quadrant	nominal_categorical	one_hot_encode	keep_as_is_for_now	53	true	Exact raw source category is represented by this one-hot output column.
anatomic_neoplasm_subdivision	Left Upper Outer Quadrant|Left	anatomic_neoplasm_subdivision__left_upper_outer_quadrant_left	nominal_categorical	one_hot_encode	keep_as_is_for_now	53	true	Exact raw source category is represented by this one-hot output column.
anatomic_neoplasm_subdivision	Left Upper Outer Quadrant|Left Lower Inner Quadrant|Left Lower Outer Quadrant	anatomic_neoplasm_subdivision__left_upper_outer_quadrant_left_lower_inner_quadrant_left_lower_outer_quadrant	nominal_categorical	one_hot_encode	keep_as_is_for_now	53	true	Exact raw source category is represented by this one-hot output column.
anatomic_neoplasm_subdivision	Left Upper Outer Quadrant|Left Lower Outer Quadrant	anatomic_neoplasm_subdivision__left_upper_outer_quadrant_left_lower_outer_quadrant	nominal_categorical	one_hot_encode	keep_as_is_for_now	53	true	Exact raw source category is represented by this one-hot output column.
anatomic_neoplasm_subdivision	Left Upper Outer Quadrant|Left Lower Outer Quadrant|Left	anatomic_neoplasm_subdivision__left_upper_outer_quadrant_left_lower_outer_quadrant_left	nominal_categorical	one_hot_encode	keep_as_is_for_now	53	true	Exact raw source category is represented by this one-hot output column.
anatomic_neoplasm_subdivision	Left|Left Lower Inner Quadrant	anatomic_neoplasm_subdivision__left_left_lower_inner_quadrant	nominal_categorical	one_hot_encode	keep_as_is_for_now	53	true	Exact raw source category is represented by this one-hot output column.
anatomic_neoplasm_subdivision	Left|Left Upper Inner Quadrant	anatomic_neoplasm_subdivision__left_left_upper_inner_quadrant	nominal_categorical	one_hot_encode	keep_as_is_for_now	53	true	Exact raw source category is represented by this one-hot output column.
anatomic_neoplasm_subdivision	Left|Left Upper Inner Quadrant|Left Lower Inner Quadrant	anatomic_neoplasm_subdivision__left_left_upper_inner_quadrant_left_lower_inner_quadrant	nominal_categorical	one_hot_encode	keep_as_is_for_now	53	true	Exact raw source category is represented by this one-hot output column.
anatomic_neoplasm_subdivision	Left|Left Upper Inner Quadrant|Left Upper Outer Quadrant|Left Lower Inner Quadrant|Left Lower Outer Quadrant	anatomic_neoplasm_subdivision__left_left_upper_inner_quadrant_left_upper_outer_quadrant_left_lower_inner_quadrant_left_lower_outer_quadrant	nominal_categorical	one_hot_encode	keep_as_is_for_now	53	true	Exact raw source category is represented by this one-hot output column.
anatomic_neoplasm_subdivision	Left|Left Upper Outer Quadrant	anatomic_neoplasm_subdivision__left_left_upper_outer_quadrant	nominal_categorical	one_hot_encode	keep_as_is_for_now	53	true	Exact raw source category is represented by this one-hot output column.
anatomic_neoplasm_subdivision	Left|Left Upper Outer Quadrant|Left Lower Outer Quadrant	anatomic_neoplasm_subdivision__left_left_upper_outer_quadrant_left_lower_outer_quadrant	nominal_categorical	one_hot_encode	keep_as_is_for_now	53	true	Exact raw source category is represented by this one-hot output column.
anatomic_neoplasm_subdivision	Right	anatomic_neoplasm_subdivision__right	nominal_categorical	one_hot_encode	keep_as_is_for_now	53	true	Exact raw source category is represented by this one-hot output column.
anatomic_neoplasm_subdivision	Right Lower Inner Quadrant	anatomic_neoplasm_subdivision__right_lower_inner_quadrant	nominal_categorical	one_hot_encode	keep_as_is_for_now	53	true	Exact raw source category is represented by this one-hot output column.
anatomic_neoplasm_subdivision	Right Lower Inner Quadrant|Right	anatomic_neoplasm_subdivision__right_lower_inner_quadrant_right	nominal_categorical	one_hot_encode	keep_as_is_for_now	53	true	Exact raw source category is represented by this one-hot output column.
anatomic_neoplasm_subdivision	Right Lower Inner Quadrant|Right Lower Outer Quadrant	anatomic_neoplasm_subdivision__right_lower_inner_quadrant_right_lower_outer_quadrant	nominal_categorical	one_hot_encode	keep_as_is_for_now	53	true	Exact raw source category is represented by this one-hot output column.
anatomic_neoplasm_subdivision	Right Lower Inner Quadrant|Right Lower Outer Quadrant|Right	anatomic_neoplasm_subdivision__right_lower_inner_quadrant_right_lower_outer_quadrant_right	nominal_categorical	one_hot_encode	keep_as_is_for_now	53	true	Exact raw source category is represented by this one-hot output column.
anatomic_neoplasm_subdivision	Right Lower Outer Quadrant	anatomic_neoplasm_subdivision__right_lower_outer_quadrant	nominal_categorical	one_hot_encode	keep_as_is_for_now	53	true	Exact raw source category is represented by this one-hot output column.
anatomic_neoplasm_subdivision	Right Lower Outer Quadrant|Right	anatomic_neoplasm_subdivision__right_lower_outer_quadrant_right	nominal_categorical	one_hot_encode	keep_as_is_for_now	53	true	Exact raw source category is represented by this one-hot output column.
anatomic_neoplasm_subdivision	Right Upper Inner Quadrant	anatomic_neoplasm_subdivision__right_upper_inner_quadrant	nominal_categorical	one_hot_encode	keep_as_is_for_now	53	true	Exact raw source category is represented by this one-hot output column.
anatomic_neoplasm_subdivision	Right Upper Inner Quadrant|Right	anatomic_neoplasm_subdivision__right_upper_inner_quadrant_right	nominal_categorical	one_hot_encode	keep_as_is_for_now	53	true	Exact raw source category is represented by this one-hot output column.
anatomic_neoplasm_subdivision	Right Upper Inner Quadrant|Right Lower Inner Quadrant	anatomic_neoplasm_subdivision__right_upper_inner_quadrant_right_lower_inner_quadrant	nominal_categorical	one_hot_encode	keep_as_is_for_now	53	true	Exact raw source category is represented by this one-hot output column.
anatomic_neoplasm_subdivision	Right Upper Inner Quadrant|Right Lower Inner Quadrant|Right	anatomic_neoplasm_subdivision__right_upper_inner_quadrant_right_lower_inner_quadrant_right	nominal_categorical	one_hot_encode	keep_as_is_for_now	53	true	Exact raw source category is represented by this one-hot output column.
anatomic_neoplasm_subdivision	Right Upper Inner Quadrant|Right Upper Outer Quadrant	anatomic_neoplasm_subdivision__right_upper_inner_quadrant_right_upper_outer_quadrant	nominal_categorical	one_hot_encode	keep_as_is_for_now	53	true	Exact raw source category is represented by this one-hot output column.
anatomic_neoplasm_subdivision	Right Upper Inner Quadrant|Right Upper Outer Quadrant|Right	anatomic_neoplasm_subdivision__right_upper_inner_quadrant_right_upper_outer_quadrant_right	nominal_categorical	one_hot_encode	keep_as_is_for_now	53	true	Exact raw source category is represented by this one-hot output column.
anatomic_neoplasm_subdivision	Right Upper Inner Quadrant|Right Upper Outer Quadrant|Right Lower Inner Quadrant|Right Lower Outer Quadrant|Right	anatomic_neoplasm_subdivision__right_upper_inner_quadrant_right_upper_outer_quadrant_right_lower_inner_quadrant_right_lower_outer_quadrant_right	nominal_categorical	one_hot_encode	keep_as_is_for_now	53	true	Exact raw source category is represented by this one-hot output column.
anatomic_neoplasm_subdivision	Right Upper Outer Quadrant	anatomic_neoplasm_subdivision__right_upper_outer_quadrant	nominal_categorical	one_hot_encode	keep_as_is_for_now	53	true	Exact raw source category is represented by this one-hot output column.
anatomic_neoplasm_subdivision	Right Upper Outer Quadrant|Right	anatomic_neoplasm_subdivision__right_upper_outer_quadrant_right	nominal_categorical	one_hot_encode	keep_as_is_for_now	53	true	Exact raw source category is represented by this one-hot output column.
anatomic_neoplasm_subdivision	Right Upper Outer Quadrant|Right Lower Inner Quadrant|Right Lower Outer Quadrant	anatomic_neoplasm_subdivision__right_upper_outer_quadrant_right_lower_inner_quadrant_right_lower_outer_quadrant	nominal_categorical	one_hot_encode	keep_as_is_for_now	53	true	Exact raw source category is represented by this one-hot output column.
anatomic_neoplasm_subdivision	Right Upper Outer Quadrant|Right Lower Outer Quadrant	anatomic_neoplasm_subdivision__right_upper_outer_quadrant_right_lower_outer_quadrant	nominal_categorical	one_hot_encode	keep_as_is_for_now	53	true	Exact raw source category is represented by this one-hot output column.
anatomic_neoplasm_subdivision	Right Upper Outer Quadrant|Right Lower Outer Quadrant|Right	anatomic_neoplasm_subdivision__right_upper_outer_quadrant_right_lower_outer_quadrant_right	nominal_categorical	one_hot_encode	keep_as_is_for_now	53	true	Exact raw source category is represented by this one-hot output column.
anatomic_neoplasm_subdivision	Right|Right Lower Inner Quadrant	anatomic_neoplasm_subdivision__right_right_lower_inner_quadrant	nominal_categorical	one_hot_encode	keep_as_is_for_now	53	true	Exact raw source category is represented by this one-hot output column.
anatomic_neoplasm_subdivision	Right|Right Lower Outer Quadrant	anatomic_neoplasm_subdivision__right_right_lower_outer_quadrant	nominal_categorical	one_hot_encode	keep_as_is_for_now	53	true	Exact raw source category is represented by this one-hot output column.
anatomic_neoplasm_subdivision	Right|Right Upper Inner Quadrant	anatomic_neoplasm_subdivision__right_right_upper_inner_quadrant	nominal_categorical	one_hot_encode	keep_as_is_for_now	53	true	Exact raw source category is represented by this one-hot output column.
anatomic_neoplasm_subdivision	Right|Right Upper Inner Quadrant|Right Upper Outer Quadrant|Right Lower Inner Quadrant|Right Lower Outer Quadrant	anatomic_neoplasm_subdivision__right_right_upper_inner_quadrant_right_upper_outer_quadrant_right_lower_inner_quadrant_right_lower_outer_quadrant	nominal_categorical	one_hot_encode	keep_as_is_for_now	53	true	Exact raw source category is represented by this one-hot output column.
anatomic_neoplasm_subdivision	Right|Right Upper Outer Quadrant	anatomic_neoplasm_subdivision__right_right_upper_outer_quadrant	nominal_categorical	one_hot_encode	keep_as_is_for_now	53	true	Exact raw source category is represented by this one-hot output column.
axillary_staging_method	Axillary lymph node dissection alone	axillary_staging_method__axillary_lymph_node_dissection_alone	nominal_categorical	one_hot_encode	allow_missing_category	5	false	Exact raw source category is represented by this one-hot output column.
axillary_staging_method	No axillary staging	axillary_staging_method__no_axillary_staging	nominal_categorical	one_hot_encode	allow_missing_category	5	false	Exact raw source category is represented by this one-hot output column.
axillary_staging_method	Other (specify)	axillary_staging_method__other_specify	nominal_categorical	one_hot_encode	allow_missing_category	5	false	Exact raw source category is represented by this one-hot output column.
axillary_staging_method	Sentinel lymph node biopsy plus axillary dissection	axillary_staging_method__sentinel_lymph_node_biopsy_plus_axillary_dissection	nominal_categorical	one_hot_encode	allow_missing_category	5	false	Exact raw source category is represented by this one-hot output column.
axillary_staging_method	Sentinel node biopsy alone	axillary_staging_method__sentinel_node_biopsy_alone	nominal_categorical	one_hot_encode	allow_missing_category	5	false	Exact raw source category is represented by this one-hot output column.
axillary_staging_method	[missing_like]	axillary_staging_method__missing	nominal_categorical	one_hot_encode	allow_missing_category	5	false	Dedicated missingness indicator for missing-like source cells in this categorical field.
birth_days_to	[numeric_passthrough]	birth_days_to	numeric_continuous	passthrough_numeric	eligible_for_simple_imputation_later	1045	false	Numeric source values are carried forward unchanged; missing-like values remain blank in the model-input matrix.
er_status_by_ihc	Indeterminate	er_status_by_ihc__indeterminate	nominal_categorical	one_hot_encode	allow_missing_category	3	false	Exact raw source category is represented by this one-hot output column.
er_status_by_ihc	Negative	er_status_by_ihc__negative	nominal_categorical	one_hot_encode	allow_missing_category	3	false	Exact raw source category is represented by this one-hot output column.
er_status_by_ihc	Positive	er_status_by_ihc__positive	nominal_categorical	one_hot_encode	allow_missing_category	3	false	Exact raw source category is represented by this one-hot output column.
er_status_by_ihc	[missing_like]	er_status_by_ihc__missing	nominal_categorical	one_hot_encode	allow_missing_category	3	false	Dedicated missingness indicator for missing-like source cells in this categorical field.
ethnicity	HISPANIC OR LATINO	ethnicity__hispanic_or_latino	binary	one_hot_encode	allow_missing_category	2	false	Exact raw source category is represented by this one-hot output column.
ethnicity	NOT HISPANIC OR LATINO	ethnicity__not_hispanic_or_latino	binary	one_hot_encode	allow_missing_category	2	false	Exact raw source category is represented by this one-hot output column.
ethnicity	[missing_like]	ethnicity__missing	binary	one_hot_encode	allow_missing_category	2	false	Dedicated missingness indicator for missing-like source cells in this categorical field.
gender	FEMALE	gender__female	binary	one_hot_encode	keep_as_is_for_now	2	false	Exact raw source category is represented by this one-hot output column.
gender	MALE	gender__male	binary	one_hot_encode	keep_as_is_for_now	2	false	Exact raw source category is represented by this one-hot output column.
her2_status_by_ihc	Equivocal	her2_status_by_ihc__equivocal	nominal_categorical	one_hot_encode	allow_missing_category	4	false	Exact raw source category is represented by this one-hot output column.
her2_status_by_ihc	Indeterminate	her2_status_by_ihc__indeterminate	nominal_categorical	one_hot_encode	allow_missing_category	4	false	Exact raw source category is represented by this one-hot output column.
her2_status_by_ihc	Negative	her2_status_by_ihc__negative	nominal_categorical	one_hot_encode	allow_missing_category	4	false	Exact raw source category is represented by this one-hot output column.
her2_status_by_ihc	Positive	her2_status_by_ihc__positive	nominal_categorical	one_hot_encode	allow_missing_category	4	false	Exact raw source category is represented by this one-hot output column.
her2_status_by_ihc	[missing_like]	her2_status_by_ihc__missing	nominal_categorical	one_hot_encode	allow_missing_category	4	false	Dedicated missingness indicator for missing-like source cells in this categorical field.
histological_type	Infiltrating Carcinoma NOS	histological_type__infiltrating_carcinoma_nos	nominal_categorical	one_hot_encode	allow_missing_category	8	false	Exact raw source category is represented by this one-hot output column.
histological_type	Infiltrating Ductal Carcinoma	histological_type__infiltrating_ductal_carcinoma	nominal_categorical	one_hot_encode	allow_missing_category	8	false	Exact raw source category is represented by this one-hot output column.
histological_type	Infiltrating Lobular Carcinoma	histological_type__infiltrating_lobular_carcinoma	nominal_categorical	one_hot_encode	allow_missing_category	8	false	Exact raw source category is represented by this one-hot output column.
histological_type	Medullary Carcinoma	histological_type__medullary_carcinoma	nominal_categorical	one_hot_encode	allow_missing_category	8	false	Exact raw source category is represented by this one-hot output column.
histological_type	Metaplastic Carcinoma	histological_type__metaplastic_carcinoma	nominal_categorical	one_hot_encode	allow_missing_category	8	false	Exact raw source category is represented by this one-hot output column.
histological_type	Mixed Histology (please specify)	histological_type__mixed_histology_please_specify	nominal_categorical	one_hot_encode	allow_missing_category	8	false	Exact raw source category is represented by this one-hot output column.
histological_type	Mucinous Carcinoma	histological_type__mucinous_carcinoma	nominal_categorical	one_hot_encode	allow_missing_category	8	false	Exact raw source category is represented by this one-hot output column.
histological_type	Other, specify	histological_type__other_specify	nominal_categorical	one_hot_encode	allow_missing_category	8	false	Exact raw source category is represented by this one-hot output column.
histological_type	[missing_like]	histological_type__missing	nominal_categorical	one_hot_encode	allow_missing_category	8	false	Dedicated missingness indicator for missing-like source cells in this categorical field.
history_other_malignancy	No|Yes	history_other_malignancy	binary	binary_map_required	allow_missing_category	2	false	Exact binary map only: No -> 0 and Yes -> 1.
history_other_malignancy	[missing_like]	history_other_malignancy__missing	binary	binary_map_required	allow_missing_category	2	false	Dedicated missingness indicator for source rows where history_other_malignancy is missing-like.
icd_o_3_histology	8010/3	icd_o_3_histology__8010_3	nominal_categorical	one_hot_encode	keep_as_is_for_now	22	true	Exact raw source category is represented by this one-hot output column.
icd_o_3_histology	8013/3	icd_o_3_histology__8013_3	nominal_categorical	one_hot_encode	keep_as_is_for_now	22	true	Exact raw source category is represented by this one-hot output column.
icd_o_3_histology	8022/3	icd_o_3_histology__8022_3	nominal_categorical	one_hot_encode	keep_as_is_for_now	22	true	Exact raw source category is represented by this one-hot output column.
icd_o_3_histology	8050/3	icd_o_3_histology__8050_3	nominal_categorical	one_hot_encode	keep_as_is_for_now	22	true	Exact raw source category is represented by this one-hot output column.
icd_o_3_histology	8090/3	icd_o_3_histology__8090_3	nominal_categorical	one_hot_encode	keep_as_is_for_now	22	true	Exact raw source category is represented by this one-hot output column.
icd_o_3_histology	8200/3	icd_o_3_histology__8200_3	nominal_categorical	one_hot_encode	keep_as_is_for_now	22	true	Exact raw source category is represented by this one-hot output column.
icd_o_3_histology	8201/3	icd_o_3_histology__8201_3	nominal_categorical	one_hot_encode	keep_as_is_for_now	22	true	Exact raw source category is represented by this one-hot output column.
icd_o_3_histology	8211/3	icd_o_3_histology__8211_3	nominal_categorical	one_hot_encode	keep_as_is_for_now	22	true	Exact raw source category is represented by this one-hot output column.
icd_o_3_histology	8401/3	icd_o_3_histology__8401_3	nominal_categorical	one_hot_encode	keep_as_is_for_now	22	true	Exact raw source category is represented by this one-hot output column.
icd_o_3_histology	8480/3	icd_o_3_histology__8480_3	nominal_categorical	one_hot_encode	keep_as_is_for_now	22	true	Exact raw source category is represented by this one-hot output column.
icd_o_3_histology	8500/3	icd_o_3_histology__8500_3	nominal_categorical	one_hot_encode	keep_as_is_for_now	22	true	Exact raw source category is represented by this one-hot output column.
icd_o_3_histology	8502/3	icd_o_3_histology__8502_3	nominal_categorical	one_hot_encode	keep_as_is_for_now	22	true	Exact raw source category is represented by this one-hot output column.
icd_o_3_histology	8503/3	icd_o_3_histology__8503_3	nominal_categorical	one_hot_encode	keep_as_is_for_now	22	true	Exact raw source category is represented by this one-hot output column.
icd_o_3_histology	8507/3	icd_o_3_histology__8507_3	nominal_categorical	one_hot_encode	keep_as_is_for_now	22	true	Exact raw source category is represented by this one-hot output column.
icd_o_3_histology	8510/3	icd_o_3_histology__8510_3	nominal_categorical	one_hot_encode	keep_as_is_for_now	22	true	Exact raw source category is represented by this one-hot output column.
icd_o_3_histology	8520/3	icd_o_3_histology__8520_3	nominal_categorical	one_hot_encode	keep_as_is_for_now	22	true	Exact raw source category is represented by this one-hot output column.
icd_o_3_histology	8522/3	icd_o_3_histology__8522_3	nominal_categorical	one_hot_encode	keep_as_is_for_now	22	true	Exact raw source category is represented by this one-hot output column.
icd_o_3_histology	8523/3	icd_o_3_histology__8523_3	nominal_categorical	one_hot_encode	keep_as_is_for_now	22	true	Exact raw source category is represented by this one-hot output column.
icd_o_3_histology	8524/3	icd_o_3_histology__8524_3	nominal_categorical	one_hot_encode	keep_as_is_for_now	22	true	Exact raw source category is represented by this one-hot output column.
icd_o_3_histology	8541/3	icd_o_3_histology__8541_3	nominal_categorical	one_hot_encode	keep_as_is_for_now	22	true	Exact raw source category is represented by this one-hot output column.
icd_o_3_histology	8575/3	icd_o_3_histology__8575_3	nominal_categorical	one_hot_encode	keep_as_is_for_now	22	true	Exact raw source category is represented by this one-hot output column.
icd_o_3_histology	9020/3	icd_o_3_histology__9020_3	nominal_categorical	one_hot_encode	keep_as_is_for_now	22	true	Exact raw source category is represented by this one-hot output column.
initial_pathologic_dx_year	[numeric_passthrough]	initial_pathologic_dx_year	numeric_continuous	passthrough_numeric	eligible_for_simple_imputation_later	26	false	Numeric source values are carried forward unchanged; missing-like values remain blank in the model-input matrix.
lymph_nodes_examined_count	[numeric_passthrough]	lymph_nodes_examined_count	numeric_count	passthrough_numeric	eligible_for_simple_imputation_later	42	false	Numeric source values are carried forward unchanged; missing-like values remain blank in the model-input matrix.
lymph_nodes_examined_he_count	[numeric_passthrough]	lymph_nodes_examined_he_count	numeric_count	passthrough_numeric	eligible_for_simple_imputation_later	31	false	Numeric source values are carried forward unchanged; missing-like values remain blank in the model-input matrix.
margin_status	Close	margin_status__close	nominal_categorical	one_hot_encode	allow_missing_category	3	false	Exact raw source category is represented by this one-hot output column.
margin_status	Negative	margin_status__negative	nominal_categorical	one_hot_encode	allow_missing_category	3	false	Exact raw source category is represented by this one-hot output column.
margin_status	Positive	margin_status__positive	nominal_categorical	one_hot_encode	allow_missing_category	3	false	Exact raw source category is represented by this one-hot output column.
margin_status	[missing_like]	margin_status__missing	nominal_categorical	one_hot_encode	allow_missing_category	3	false	Dedicated missingness indicator for missing-like source cells in this categorical field.
menopause_status	Indeterminate (neither Pre or Postmenopausal)	menopause_status__indeterminate_neither_pre_or_postmenopausal	nominal_categorical	one_hot_encode	allow_missing_category	4	false	Exact raw source category is represented by this one-hot output column.
menopause_status	Peri (6-12 months since last menstrual period)	menopause_status__peri_6_12_months_since_last_menstrual_period	nominal_categorical	one_hot_encode	allow_missing_category	4	false	Exact raw source category is represented by this one-hot output column.
menopause_status	Post (prior bilateral ovariectomy OR >12 mo since LMP with no prior hysterectomy)	menopause_status__post_prior_bilateral_ovariectomy_or_12_mo_since_lmp_with_no_prior_hysterectomy	nominal_categorical	one_hot_encode	allow_missing_category	4	false	Exact raw source category is represented by this one-hot output column.
menopause_status	Pre (<6 months since LMP AND no prior bilateral ovariectomy AND not on estrogen replacement)	menopause_status__pre_6_months_since_lmp_and_no_prior_bilateral_ovariectomy_and_not_on_estrogen_replacement	nominal_categorical	one_hot_encode	allow_missing_category	4	false	Exact raw source category is represented by this one-hot output column.
menopause_status	[missing_like]	menopause_status__missing	nominal_categorical	one_hot_encode	allow_missing_category	4	false	Dedicated missingness indicator for missing-like source cells in this categorical field.
method_initial_path_dx	Core needle biopsy	method_initial_path_dx__core_needle_biopsy	nominal_categorical	one_hot_encode	allow_missing_category	7	false	Exact raw source category is represented by this one-hot output column.
method_initial_path_dx	Cytology (e.g. Peritoneal or pleural fluid)	method_initial_path_dx__cytology_e_g_peritoneal_or_pleural_fluid	nominal_categorical	one_hot_encode	allow_missing_category	7	false	Exact raw source category is represented by this one-hot output column.
method_initial_path_dx	Excisional Biopsy	method_initial_path_dx__excisional_biopsy	nominal_categorical	one_hot_encode	allow_missing_category	7	false	Exact raw source category is represented by this one-hot output column.
method_initial_path_dx	Fine needle aspiration biopsy	method_initial_path_dx__fine_needle_aspiration_biopsy	nominal_categorical	one_hot_encode	allow_missing_category	7	false	Exact raw source category is represented by this one-hot output column.
method_initial_path_dx	Incisional Biopsy	method_initial_path_dx__incisional_biopsy	nominal_categorical	one_hot_encode	allow_missing_category	7	false	Exact raw source category is represented by this one-hot output column.
method_initial_path_dx	Other method, specify:	method_initial_path_dx__other_method_specify	nominal_categorical	one_hot_encode	allow_missing_category	7	false	Exact raw source category is represented by this one-hot output column.
method_initial_path_dx	Tumor resection	method_initial_path_dx__tumor_resection	nominal_categorical	one_hot_encode	allow_missing_category	7	false	Exact raw source category is represented by this one-hot output column.
method_initial_path_dx	[missing_like]	method_initial_path_dx__missing	nominal_categorical	one_hot_encode	allow_missing_category	7	false	Dedicated missingness indicator for missing-like source cells in this categorical field.
pr_status_by_ihc	Indeterminate	pr_status_by_ihc__indeterminate	nominal_categorical	one_hot_encode	allow_missing_category	3	false	Exact raw source category is represented by this one-hot output column.
pr_status_by_ihc	Negative	pr_status_by_ihc__negative	nominal_categorical	one_hot_encode	allow_missing_category	3	false	Exact raw source category is represented by this one-hot output column.
pr_status_by_ihc	Positive	pr_status_by_ihc__positive	nominal_categorical	one_hot_encode	allow_missing_category	3	false	Exact raw source category is represented by this one-hot output column.
pr_status_by_ihc	[missing_like]	pr_status_by_ihc__missing	nominal_categorical	one_hot_encode	allow_missing_category	3	false	Dedicated missingness indicator for missing-like source cells in this categorical field.
race	AMERICAN INDIAN OR ALASKA NATIVE	race__american_indian_or_alaska_native	nominal_categorical	one_hot_encode	allow_missing_category	4	false	Exact raw source category is represented by this one-hot output column.
race	ASIAN	race__asian	nominal_categorical	one_hot_encode	allow_missing_category	4	false	Exact raw source category is represented by this one-hot output column.
race	BLACK OR AFRICAN AMERICAN	race__black_or_african_american	nominal_categorical	one_hot_encode	allow_missing_category	4	false	Exact raw source category is represented by this one-hot output column.
race	WHITE	race__white	nominal_categorical	one_hot_encode	allow_missing_category	4	false	Exact raw source category is represented by this one-hot output column.
race	[missing_like]	race__missing	nominal_categorical	one_hot_encode	allow_missing_category	4	false	Dedicated missingness indicator for missing-like source cells in this categorical field.
surgical_procedure_first	Lumpectomy	surgical_procedure_first__lumpectomy	nominal_categorical	one_hot_encode	allow_missing_category	4	false	Exact raw source category is represented by this one-hot output column.
surgical_procedure_first	Modified Radical Mastectomy	surgical_procedure_first__modified_radical_mastectomy	nominal_categorical	one_hot_encode	allow_missing_category	4	false	Exact raw source category is represented by this one-hot output column.
surgical_procedure_first	Other	surgical_procedure_first__other	nominal_categorical	one_hot_encode	allow_missing_category	4	false	Exact raw source category is represented by this one-hot output column.
surgical_procedure_first	Simple Mastectomy	surgical_procedure_first__simple_mastectomy	nominal_categorical	one_hot_encode	allow_missing_category	4	false	Exact raw source category is represented by this one-hot output column.
surgical_procedure_first	[missing_like]	surgical_procedure_first__missing	nominal_categorical	one_hot_encode	allow_missing_category	4	false	Dedicated missingness indicator for missing-like source cells in this categorical field.
