audit_run_id	parse_run_id	source_run_id	table_name	field_name	source_position	probable_field_group	row_count	non_missing_count	missing_like_count	missing_like_fraction	blank_count	not_available_count	not_applicable_count	unknown_count	not_evaluated_count	discrepancy_count	na_count	n_a_count	null_count	none_count	nan_count	distinct_non_missing_count	example_values_small_sample
20260412T023839Z	20260412T010932Z	20260412T000556Z	clinical_drug	days_to_stem_cell_transplantation	13	treatment / drug	2406	0	2406	1.0	0	2406	0	0	0	0	0	0	0	0	0	0	[]
20260412T023839Z	20260412T010932Z	20260412T000556Z	clinical_drug	pharm_regimen	14	treatment / drug	2406	0	2406	1.0	0	2406	0	0	0	0	0	0	0	0	0	0	[]
20260412T023839Z	20260412T010932Z	20260412T000556Z	clinical_drug	pharm_regimen_other	15	treatment / drug	2406	0	2406	1.0	0	2406	0	0	0	0	0	0	0	0	0	0	[]
20260412T023839Z	20260412T010932Z	20260412T000556Z	clinical_drug	stem_cell_transplantation	23	treatment / drug	2406	0	2406	1.0	0	2406	0	0	0	0	0	0	0	0	0	0	[]
20260412T023839Z	20260412T010932Z	20260412T000556Z	clinical_drug	stem_cell_transplantation_type	24	treatment / drug	2406	0	2406	1.0	0	2406	0	0	0	0	0	0	0	0	0	0	[]
20260412T023839Z	20260412T010932Z	20260412T000556Z	clinical_drug	clinical_trial_drug_classification	7	stage	2406	3	2403	0.998753	0	2285	0	0	0	0	0	118	0	0	0	3	"[""Antimetabolite"", ""Biological Therapy/Monoclonal Antibody"", ""TAXOL""]"
20260412T023839Z	20260412T010932Z	20260412T000556Z	clinical_drug	therapy_regimen_other	26	treatment / drug	2406	13	2393	0.994597	0	0	2393	0	0	0	0	0	0	0	0	10	"[""Cancer Vaccine Trial"", ""Estrogen receptor antagonist in metastatic breast cancer"", ""Given to induce menopause"", ""Maintenance (for osteopenia)"", ""Maintenance therapy""]"
20260412T023839Z	20260412T010932Z	20260412T000556Z	clinical_drug	pharma_type_other	17	treatment / drug	2406	22	2384	0.990856	0	2384	0	0	0	0	0	0	0	0	0	11	"[""Bisphosphonate"", ""Phase III Clinical Trial"", ""Bisphosphonate therapy"", ""BISPHOSPHONATE"", ""clinical trial - bisphosphonates as adjuvant therapy""]"
20260412T023839Z	20260412T010932Z	20260412T000556Z	clinical_drug	treatment_best_response	12	follow-up / outcome-like	2406	645	1761	0.73192	0	1455	176	126	0	4	0	0	0	0	0	4	"[""Complete Response"", ""Clinical Progressive Disease"", ""Stable Disease"", ""Partial Response""]"
20260412T023839Z	20260412T010932Z	20260412T000556Z	clinical_drug	total_dose	27	treatment / drug	2406	777	1629	0.677057	0	1629	0	0	0	0	0	0	0	0	0	467	"[""1"", ""20"", ""3600"", ""480"", ""4800""]"
20260412T023839Z	20260412T010932Z	20260412T000556Z	clinical_drug	pharmaceutical_tx_total_dose_units	19	treatment / drug	2406	851	1555	0.646301	0	1555	0	0	0	0	0	0	0	0	0	8	"[""mg"", ""mg/day"", ""mg/m2"", ""ug"", ""mg/wk""]"
20260412T023839Z	20260412T010932Z	20260412T000556Z	clinical_drug	pharma_adjuvant_cycles_count	16	treatment / drug	2406	863	1543	0.641313	0	1543	0	0	0	0	0	0	0	0	0	31	"[""4"", ""6"", ""3"", ""1"", ""12""]"
20260412T023839Z	20260412T010932Z	20260412T000556Z	clinical_drug	tx_on_clinical_trial	28	stage	2406	1085	1321	0.549044	0	1321	0	0	0	0	0	0	0	0	0	2	"[""NO"", ""YES""]"
20260412T023839Z	20260412T010932Z	20260412T000556Z	clinical_drug	prescribed_dose	20	treatment / drug	2406	1128	1278	0.531172	0	1278	0	0	0	0	0	0	0	0	0	324	"[""1"", ""20"", ""600"", ""60"", ""175""]"
20260412T023839Z	20260412T010932Z	20260412T000556Z	clinical_drug	regimen_number	21	treatment / drug	2406	1140	1266	0.526185	0	1265	0	1	0	0	0	0	0	0	0	37	"[""1"", ""2"", ""3"", ""4"", ""5""]"
20260412T023839Z	20260412T010932Z	20260412T000556Z	clinical_drug	pharmaceutical_tx_dose_units	18	treatment / drug	2406	1141	1265	0.525769	0	1265	0	0	0	0	0	0	0	0	0	11	"[""mg"", ""mg/day"", ""mg/m2"", ""mg/kg"", ""mg/m2/day""]"
20260412T023839Z	20260412T010932Z	20260412T000556Z	clinical_drug	route_of_administration	22	treatment / drug	2406	1243	1163	0.483375	0	1163	0	0	0	0	0	0	0	0	0	6	"[""IV"", ""PO"", ""IM"", ""SC"", ""IM|IV""]"
20260412T023839Z	20260412T010932Z	20260412T000556Z	clinical_drug	therapy_regimen	25	treatment / drug	2406	1316	1090	0.453034	0	1090	0	0	0	0	0	0	0	0	0	5	"[""ADJUVANT"", ""RECURRENCE"", ""PROGRESSION"", ""OTHER, SPECIFY IN NOTES"", ""PALLIATIVE""]"
20260412T023839Z	20260412T010932Z	20260412T000556Z	clinical_drug	pharmaceutical_tx_ended_days_to	11	treatment / drug	2406	1805	601	0.249792	0	601	0	0	0	0	0	0	0	0	0	504	"[""122"", ""147"", ""140"", ""153"", ""155""]"
20260412T023839Z	20260412T010932Z	20260412T000556Z	clinical_drug	pharmaceutical_tx_started_days_to	9	treatment / drug	2406	2288	118	0.049044	0	116	0	0	0	2	0	0	0	0	0	486	"[""50"", ""61"", ""31"", ""62"", ""63""]"
20260412T023839Z	20260412T010932Z	20260412T000556Z	clinical_drug	pharmaceutical_therapy_drug_name	6	treatment / drug	2406	2390	16	0.00665	0	15	0	1	0	0	0	0	0	0	0	203	"[""Cytoxan"", ""Tamoxifen"", ""Cyclophosphamide"", ""Doxorubicin"", ""Arimidex""]"
20260412T023839Z	20260412T010932Z	20260412T000556Z	clinical_drug	pharmaceutical_tx_ongoing_indicator	10	treatment / drug	2406	2391	15	0.006234	0	15	0	0	0	0	0	0	0	0	0	2	"[""NO"", ""YES""]"
20260412T023839Z	20260412T010932Z	20260412T000556Z	clinical_drug	pharmaceutical_therapy_type	8	treatment / drug	2406	2399	7	0.002909	0	7	0	0	0	0	0	0	0	0	0	8	"[""Chemotherapy"", ""Hormone Therapy"", ""Immunotherapy"", ""Targeted Molecular therapy"", ""Ancillary""]"
20260412T023839Z	20260412T010932Z	20260412T000556Z	clinical_drug	bcr_patient_uuid	1	identifier / admin	2406	2406	0	0.0	0	0	0	0	0	0	0	0	0	0	0	780	"[""C07B122E-AC50-4DB2-ADD2-5617A5D0E976"", ""9435447e-d65f-408b-863b-6576b1d652dd"", ""8d5fe6e8-d2cc-481f-a6a1-9cb6e7982cde"", ""eff2360e-399a-4167-ab2b-798e27bef739"", ""2d0d7ff4-7866-4ae1-9cf1-a3c7f4cbe48d""]"
20260412T023839Z	20260412T010932Z	20260412T000556Z	clinical_drug	bcr_patient_barcode	2	identifier / admin	2406	2406	0	0.0	0	0	0	0	0	0	0	0	0	0	0	780	"[""TCGA-GM-A2DA"", ""TCGA-AO-A03N"", ""TCGA-A2-A0EW"", ""TCGA-E2-A107"", ""TCGA-A2-A0CY""]"
20260412T023839Z	20260412T010932Z	20260412T000556Z	clinical_drug	bcr_drug_barcode	3	identifier / admin	2406	2406	0	0.0	0	0	0	0	0	0	0	0	0	0	0	2406	"[""TCGA-3C-AAAU-D60350"", ""TCGA-3C-AALI-D62900"", ""TCGA-3C-AALJ-D62904"", ""TCGA-3C-AALJ-D65375"", ""TCGA-3C-AALJ-D65377""]"
20260412T023839Z	20260412T010932Z	20260412T000556Z	clinical_drug	bcr_drug_uuid	4	identifier / admin	2406	2406	0	0.0	0	0	0	0	0	0	0	0	0	0	0	2406	"[""00300D73-B562-4EE9-A8D4-27E5B97AE501"", ""00512901-db10-4833-8adf-5b3734b5d64f"", ""00C007B0-1048-4B35-B0C6-48FD9B881A51"", ""00E33CEE-3545-4F64-BF71-25DC3724D422"", ""00E48087-B371-4EB8-93D4-4F9C4E366C28""]"
20260412T023839Z	20260412T010932Z	20260412T000556Z	clinical_drug	form_completion_date	5	identifier / admin	2406	2406	0	0.0	0	0	0	0	0	0	0	0	0	0	0	345	"[""2012-12-6"", ""2011-1-10"", ""2010-9-19"", ""2013-8-22"", ""2010-11-18""]"
20260412T023839Z	20260412T010932Z	20260412T000556Z	clinical_follow_up_v4_0	death_days_to	12	follow-up / outcome-like	716	52	664	0.927374	0	0	664	0	0	0	0	0	0	0	0	52	"[""0"", ""1034"", ""1048"", ""1072"", ""1093""]"
20260412T023839Z	20260412T010932Z	20260412T000556Z	clinical_follow_up_v4_0	new_tumor_event_dx_indicator	13	follow-up / outcome-like	716	647	69	0.096369	0	9	0	60	0	0	0	0	0	0	0	2	"[""NO"", ""YES""]"
20260412T023839Z	20260412T010932Z	20260412T000556Z	clinical_follow_up_v4_0	last_contact_days_to	11	follow-up / outcome-like	716	654	62	0.086592	0	62	0	0	0	0	0	0	0	0	0	551	"[""10"", ""0"", ""375"", ""396"", ""304""]"
20260412T023839Z	20260412T010932Z	20260412T000556Z	clinical_follow_up_v4_0	tumor_status	9	follow-up / outcome-like	716	677	39	0.054469	0	18	0	21	0	0	0	0	0	0	0	2	"[""TUMOR FREE"", ""WITH TUMOR""]"
20260412T023839Z	20260412T010932Z	20260412T000556Z	clinical_follow_up_v4_0	pharmaceutical_tx_adjuvant	8	treatment / drug	716	679	37	0.051676	0	12	0	19	0	6	0	0	0	0	0	2	"[""YES"", ""NO""]"
20260412T023839Z	20260412T010932Z	20260412T000556Z	clinical_follow_up_v4_0	followup_lost_to	6	follow-up / outcome-like	716	690	26	0.036313	0	26	0	0	0	0	0	0	0	0	0	2	"[""NO"", ""YES""]"
20260412T023839Z	20260412T010932Z	20260412T000556Z	clinical_follow_up_v4_0	radiation_treatment_adjuvant	7	radiation	716	692	24	0.03352	0	11	0	12	0	1	0	0	0	0	0	2	"[""YES"", ""NO""]"
20260412T023839Z	20260412T010932Z	20260412T000556Z	clinical_follow_up_v4_0	vital_status	10	follow-up / outcome-like	716	706	10	0.013966	0	10	0	0	0	0	0	0	0	0	0	2	"[""Alive"", ""Dead""]"
20260412T023839Z	20260412T010932Z	20260412T000556Z	clinical_follow_up_v4_0	bcr_patient_uuid	1	identifier / admin	716	716	0	0.0	0	0	0	0	0	0	0	0	0	0	0	619	"[""23C31C2E-336C-4878-A476-CF8D811B4875"", ""28e9048a-e540-42de-a1f4-4ef894fccc4c"", ""738E1ACC-1F0C-4A96-9C8A-222727EF5AF8"", ""E3FCBF94-D3EF-4A37-AA45-5297F96AF9EB"", ""E783E518-C1E5-4EAC-8EAF-E2D65CCD9692""]"
20260412T023839Z	20260412T010932Z	20260412T000556Z	clinical_follow_up_v4_0	bcr_patient_barcode	2	identifier / admin	716	716	0	0.0	0	0	0	0	0	0	0	0	0	0	0	619	"[""TCGA-AR-A1AM"", ""TCGA-AR-A24Q"", ""TCGA-AR-A2LE"", ""TCGA-AR-A2LJ"", ""TCGA-S3-AA10""]"
20260412T023839Z	20260412T010932Z	20260412T000556Z	clinical_follow_up_v4_0	bcr_followup_barcode	3	identifier / admin	716	716	0	0.0	0	0	0	0	0	0	0	0	0	0	0	716	"[""TCGA-3C-AAAU-F68069"", ""TCGA-3C-AAAU-F71341"", ""TCGA-3C-AALI-F68057"", ""TCGA-3C-AALJ-F68060"", ""TCGA-3C-AALJ-F71675""]"
20260412T023839Z	20260412T010932Z	20260412T000556Z	clinical_follow_up_v4_0	bcr_followup_uuid	4	identifier / admin	716	716	0	0.0	0	0	0	0	0	0	0	0	0	0	0	716	"[""0009B079-7981-4E93-BEDA-673A97FF1137"", ""0021AB34-8C5F-451E-8B64-DF949CB50034"", ""00555AC3-B1C1-4712-A6CD-9FDF98F9D2B3"", ""00AF090C-547A-493B-9220-2FEF43822FD0"", ""01404DEF-ED7D-4186-9DC8-5FE8C812821B""]"
20260412T023839Z	20260412T010932Z	20260412T000556Z	clinical_follow_up_v4_0	form_completion_date	5	identifier / admin	716	716	0	0.0	0	0	0	0	0	0	0	0	0	0	0	210	"[""2013-10-2"", ""2013-3-2"", ""2015-3-30"", ""2014-12-23"", ""2015-3-9""]"
20260412T023839Z	20260412T010932Z	20260412T000556Z	clinical_patient	nte_er_positivity_other_scale	72	receptor / biomarker	1097	0	1097	1.0	0	1097	0	0	0	0	0	0	0	0	0	0	[]
20260412T023839Z	20260412T010932Z	20260412T000556Z	clinical_patient	nte_er_positivity_define_method	73	receptor / biomarker	1097	0	1097	1.0	0	1097	0	0	0	0	0	0	0	0	0	0	[]
20260412T023839Z	20260412T010932Z	20260412T000556Z	clinical_patient	nte_pr_positivity_other_scale	77	receptor / biomarker	1097	0	1097	1.0	0	1097	0	0	0	0	0	0	0	0	0	0	[]
20260412T023839Z	20260412T010932Z	20260412T000556Z	clinical_patient	nte_pr_positivity_define_method	78	receptor / biomarker	1097	0	1097	1.0	0	1097	0	0	0	0	0	0	0	0	0	0	[]
20260412T023839Z	20260412T010932Z	20260412T000556Z	clinical_patient	nte_her2_positivity_other_scale	82	receptor / biomarker	1097	0	1097	1.0	0	1097	0	0	0	0	0	0	0	0	0	0	[]
20260412T023839Z	20260412T010932Z	20260412T000556Z	clinical_patient	nte_her2_positivity_method	83	receptor / biomarker	1097	0	1097	1.0	0	1097	0	0	0	0	0	0	0	0	0	0	[]
20260412T023839Z	20260412T010932Z	20260412T000556Z	clinical_patient	nte_her2_signal_number	85	receptor / biomarker	1097	0	1097	1.0	0	1097	0	0	0	0	0	0	0	0	0	0	[]
20260412T023839Z	20260412T010932Z	20260412T000556Z	clinical_patient	nte_cent_17_signal_number	86	receptor / biomarker	1097	0	1097	1.0	0	1097	0	0	0	0	0	0	0	0	0	0	[]
20260412T023839Z	20260412T010932Z	20260412T000556Z	clinical_patient	her2_cent17_counted_cells_count	87	receptor / biomarker	1097	0	1097	1.0	0	1097	0	0	0	0	0	0	0	0	0	0	[]
20260412T023839Z	20260412T010932Z	20260412T000556Z	clinical_patient	nte_cent17_her2_other_scale	89	receptor / biomarker	1097	0	1097	1.0	0	1097	0	0	0	0	0	0	0	0	0	0	[]
20260412T023839Z	20260412T010932Z	20260412T000556Z	clinical_patient	nte_her2_fish_define_method	90	receptor / biomarker	1097	0	1097	1.0	0	1097	0	0	0	0	0	0	0	0	0	0	[]
20260412T023839Z	20260412T010932Z	20260412T000556Z	clinical_patient	clinical_M	92	stage	1097	0	1097	1.0	0	0	1097	0	0	0	0	0	0	0	0	0	[]
20260412T023839Z	20260412T010932Z	20260412T000556Z	clinical_patient	clinical_N	93	stage	1097	0	1097	1.0	0	0	1097	0	0	0	0	0	0	0	0	0	[]
20260412T023839Z	20260412T010932Z	20260412T000556Z	clinical_patient	clinical_T	94	stage	1097	0	1097	1.0	0	1097	0	0	0	0	0	0	0	0	0	0	[]
20260412T023839Z	20260412T010932Z	20260412T000556Z	clinical_patient	clinical_stage	95	stage	1097	0	1097	1.0	0	0	1097	0	0	0	0	0	0	0	0	0	[]
20260412T023839Z	20260412T010932Z	20260412T000556Z	clinical_patient	days_to_patient_progression_free	97	follow-up / outcome-like	1097	0	1097	1.0	0	1097	0	0	0	0	0	0	0	0	0	0	[]
20260412T023839Z	20260412T010932Z	20260412T000556Z	clinical_patient	days_to_tumor_progression	98	follow-up / outcome-like	1097	0	1097	1.0	0	1097	0	0	0	0	0	0	0	0	0	0	[]
20260412T023839Z	20260412T010932Z	20260412T000556Z	clinical_patient	extranodal_involvement	100	other / unclear	1097	0	1097	1.0	0	0	1097	0	0	0	0	0	0	0	0	0	[]
20260412T023839Z	20260412T010932Z	20260412T000556Z	clinical_patient	site_of_primary_tumor_other	109	diagnosis / pathology	1097	0	1097	1.0	0	0	1097	0	0	0	0	0	0	0	0	0	[]
20260412T023839Z	20260412T010932Z	20260412T000556Z	clinical_patient	stage_other	110	stage	1097	0	1097	1.0	0	1097	0	0	0	0	0	0	0	0	0	0	[]
20260412T023839Z	20260412T010932Z	20260412T000556Z	clinical_patient	nte_er_ihc_intensity_score	71	receptor / biomarker	1097	1	1096	0.999088	0	1096	0	0	0	0	0	0	0	0	0	1	"[""3+""]"
20260412T023839Z	20260412T010932Z	20260412T000556Z	clinical_patient	nte_pr_ihc_intensity_score	76	receptor / biomarker	1097	1	1096	0.999088	0	1096	0	0	0	0	0	0	0	0	0	1	"[""1+""]"
20260412T023839Z	20260412T010932Z	20260412T000556Z	clinical_patient	nte_cent_17_her2_ratio	88	receptor / biomarker	1097	2	1095	0.998177	0	1095	0	0	0	0	0	0	0	0	0	2	"[""1.09"", ""2.47""]"
20260412T023839Z	20260412T010932Z	20260412T000556Z	clinical_patient	nte_her2_status_ihc__positive	80	receptor / biomarker	1097	3	1094	0.997265	0	1094	0	0	0	0	0	0	0	0	0	1	"[""<10%""]"
20260412T023839Z	20260412T010932Z	20260412T000556Z	clinical_patient	nte_her2_fish_status	84	receptor / biomarker	1097	3	1094	0.997265	0	999	0	0	95	0	0	0	0	0	0	1	"[""Negative""]"
20260412T023839Z	20260412T010932Z	20260412T000556Z	clinical_patient	her2_and_cent17_scale_other	66	receptor / biomarker	1097	4	1093	0.996354	0	1093	0	0	0	0	0	0	0	0	0	4	"[""1"", "">2.2 Positive"", ""HER2 amplification - negative"", ""Vysis AutoVysion System""]"
20260412T023839Z	20260412T010932Z	20260412T000556Z	clinical_patient	nte_pr_status_ihc__positive	75	receptor / biomarker	1097	4	1093	0.996354	0	1093	0	0	0	0	0	0	0	0	0	1	"[""<10%""]"
20260412T023839Z	20260412T010932Z	20260412T000556Z	clinical_patient	nte_her2_positivity_ihc_score	81	receptor / biomarker	1097	5	1092	0.995442	0	1092	0	0	0	0	0	0	0	0	0	2	"[""1+"", ""2+""]"
20260412T023839Z	20260412T010932Z	20260412T000556Z	clinical_patient	disease_code	99	identifier / admin	1097	5	1092	0.995442	0	1092	0	0	0	0	0	0	0	0	0	1	"[""FPPP""]"
20260412T023839Z	20260412T010932Z	20260412T000556Z	clinical_patient	project_code	108	identifier / admin	1097	5	1092	0.995442	0	1092	0	0	0	0	0	0	0	0	0	1	"[""TCGA""]"
20260412T023839Z	20260412T010932Z	20260412T000556Z	clinical_patient	nte_er_status_ihc__positive	70	receptor / biomarker	1097	6	1091	0.994531	0	1091	0	0	0	0	0	0	0	0	0	3	"[""70-79%"", ""90-99%"", ""<10%""]"
20260412T023839Z	20260412T010932Z	20260412T000556Z	clinical_patient	metastasis_site_other	43	diagnosis / pathology	1097	7	1090	0.993619	0	1090	0	0	0	0	0	0	0	0	0	6	"[""skin"", ""Abdomen"", ""Ovary"", ""Skin"", ""axilaary node negative but intrammary node positive""]"
20260412T023839Z	20260412T010932Z	20260412T000556Z	clinical_patient	nte_her2_status	79	receptor / biomarker	1097	9	1088	0.991796	0	997	0	0	91	0	0	0	0	0	0	2	"[""Negative"", ""Equivocal""]"
20260412T023839Z	20260412T010932Z	20260412T000556Z	clinical_patient	nte_pr_status_by_ihc	74	receptor / biomarker	1097	11	1086	0.989973	0	999	0	0	87	0	0	0	0	0	0	2	"[""Negative"", ""Positive""]"
20260412T023839Z	20260412T010932Z	20260412T000556Z	clinical_patient	nte_er_status	69	receptor / biomarker	1097	12	1085	0.989061	0	999	0	0	86	0	0	0	0	0	0	2	"[""Positive"", ""Negative""]"
20260412T023839Z	20260412T010932Z	20260412T000556Z	clinical_patient	surgery_for_positive_margins_other	28	diagnosis / pathology	1097	14	1083	0.987238	0	0	1083	0	0	0	0	0	0	0	0	14	"[""Additional resection/ margins (taken after first margin positive)"", ""Left breast reexcision"", ""Margin resection"", ""Mastectomy"", ""Re-Excision of Superior Margin""]"
20260412T023839Z	20260412T010932Z	20260412T000556Z	clinical_patient	her2_positivity_scale_other	59	receptor / biomarker	1097	14	1083	0.987238	0	1083	0	0	0	0	0	0	0	0	0	7	"[""0"", ""ACIS"", ""CISH"", ""Hercep Test  TM Dako"", ""10-75%""]"
20260412T023839Z	20260412T010932Z	20260412T000556Z	clinical_patient	axillary_staging_method_other	31	diagnosis / pathology	1097	20	1077	0.981768	0	1077	0	0	0	0	0	0	0	0	0	19	"[""mastectomy with TLND"", ""FNA plus axillary lymph node dissection"", ""Level 1 clearance"", ""Pateys surgery"", ""SLN AND NON-SLN BX""]"
20260412T023839Z	20260412T010932Z	20260412T000556Z	clinical_patient	metastasis_site	42	diagnosis / pathology	1097	24	1073	0.978122	0	1073	0	0	0	0	0	0	0	0	0	9	"[""Bone"", ""Bone|Liver"", ""Other, specify"", ""Liver"", ""Lung""]"
20260412T023839Z	20260412T010932Z	20260412T000556Z	clinical_patient	her2_fish_method	67	receptor / biomarker	1097	50	1047	0.954421	0	1047	0	0	0	0	0	0	0	0	0	30	"["">=2.0 Positive"", ""PathVysion HER-2 DNA Probe Kit"", ""CAP scoring guideline 2010"", ""RATIO > = 2.0"", "">= 2.0 Positive""]"
20260412T023839Z	20260412T010932Z	20260412T000556Z	clinical_patient	surgery_for_positive_margins	27	diagnosis / pathology	1097	55	1042	0.949863	0	991	0	1	50	0	0	0	0	0	0	4	"[""Mastectomy NOS"", ""Modified radical mastectomy"", ""Other"", ""Lumpectomy""]"
20260412T023839Z	20260412T010932Z	20260412T000556Z	clinical_patient	margin_status_reexcision	29	diagnosis / pathology	1097	59	1038	0.946217	0	1038	0	0	0	0	0	0	0	0	0	3	"[""Negative"", ""Positive"", ""Close""]"
20260412T023839Z	20260412T010932Z	20260412T000556Z	clinical_patient	method_initial_path_dx_other	23	diagnosis / pathology	1097	64	1033	0.941659	0	2	1029	2	0	0	0	0	0	0	0	14	"[""Patey's Surgery"", ""Biopsy, NOS"", ""intraoperative examination"", ""Lumpectomy"", ""Modified Radical Masectomy""]"
20260412T023839Z	20260412T010932Z	20260412T000556Z	clinical_patient	histologic_diagnosis_other	19	diagnosis / pathology	1097	76	1021	0.93072	0	0	1021	0	0	0	0	0	0	0	0	60	"[""Infiltrating ductal and lobular carcinoma"", ""Ductal & Mucinous"", ""Lobular/Ductal"", ""Mixed invasive ductal and invasive lobular"", ""ductal and lobular""]"
20260412T023839Z	20260412T010932Z	20260412T000556Z	clinical_patient	her2_positivity_method_text	60	receptor / biomarker	1097	90	1007	0.917958	0	1007	0	0	0	0	0	0	0	0	0	20	"[""3+ POSITIVE"", ""3+ Positive"", ""dextran coated charcoal"", ""Hecep Test TM DAKO"", ""DAKOHercepTest TM""]"
20260412T023839Z	20260412T010932Z	20260412T000556Z	clinical_patient	death_days_to	16	follow-up / outcome-like	1097	104	993	0.905196	0	0	993	0	0	0	0	0	0	0	0	101	"[""2965"", ""991"", ""0"", ""1"", ""1009""]"
20260412T023839Z	20260412T010932Z	20260412T000556Z	clinical_patient	her2_and_cent17_cells_count	64	receptor / biomarker	1097	104	993	0.905196	0	993	0	0	0	0	0	0	0	0	0	30	"[""60"", ""40"", ""20"", ""30"", ""200""]"
20260412T023839Z	20260412T010932Z	20260412T000556Z	clinical_patient	cent17_copy_number	63	receptor / biomarker	1097	106	991	0.903373	0	991	0	0	0	0	0	0	0	0	0	66	"[""1.7"", ""1.8"", ""2.2"", ""2"", ""2.0""]"
20260412T023839Z	20260412T010932Z	20260412T000556Z	clinical_patient	her2_copy_number	62	receptor / biomarker	1097	114	983	0.89608	0	983	0	0	0	0	0	0	0	0	0	76	"[""not amplified"", ""3.2"", ""2.4"", ""2.6"", ""1.8""]"
20260412T023839Z	20260412T010932Z	20260412T000556Z	clinical_patient	pr_positivity_scale_used	52	receptor / biomarker	1097	142	955	0.870556	0	955	0	0	0	0	0	0	0	0	0	2	"[""3 Point Scale"", ""4 Point Scale""]"
20260412T023839Z	20260412T010932Z	20260412T000556Z	clinical_patient	er_positivity_scale_used	46	receptor / biomarker	1097	147	950	0.865998	0	950	0	0	0	0	0	0	0	0	0	2	"[""3 Point Scale"", ""4 Point Scale""]"
20260412T023839Z	20260412T010932Z	20260412T000556Z	clinical_patient	pharmaceutical_tx_adjuvant	18	treatment / drug	1097	165	932	0.84959	0	891	0	41	0	0	0	0	0	0	0	2	"[""YES"", ""NO""]"
20260412T023839Z	20260412T010932Z	20260412T000556Z	clinical_patient	radiation_treatment_adjuvant	17	radiation	1097	166	931	0.848678	0	891	0	40	0	0	0	0	0	0	0	2	"[""NO"", ""YES""]"
20260412T023839Z	20260412T010932Z	20260412T000556Z	clinical_patient	new_tumor_event_dx_indicator	68	follow-up / outcome-like	1097	195	902	0.822242	0	891	0	11	0	0	0	0	0	0	0	2	"[""NO"", ""YES""]"
20260412T023839Z	20260412T010932Z	20260412T000556Z	clinical_patient	pr_positivity_ihc_intensity_score	53	receptor / biomarker	1097	208	889	0.810392	0	889	0	0	0	0	0	0	0	0	0	5	"[""3+"", ""2+"", ""1+"", ""0"", ""4+""]"
20260412T023839Z	20260412T010932Z	20260412T000556Z	clinical_patient	her2_ihc_percent_positive	57	receptor / biomarker	1097	208	889	0.810392	0	889	0	0	0	0	0	0	0	0	0	10	"[""<10%"", ""10-19%"", ""90-99%"", ""20-29%"", ""30-39%""]"
20260412T023839Z	20260412T010932Z	20260412T000556Z	clinical_patient	pr_positivity_define_method	55	receptor / biomarker	1097	209	888	0.80948	0	887	0	1	0	0	0	0	0	0	0	60	"[""manual counting"", ""Image Analysis"", ""Allred score 0+0 = 0"", ""%IHC"", ""dextran coated charcoal""]"
20260412T023839Z	20260412T010932Z	20260412T000556Z	clinical_patient	er_ihc_score	47	receptor / biomarker	1097	214	883	0.804923	0	883	0	0	0	0	0	0	0	0	0	5	"[""3+"", ""2+"", ""4+"", ""1+"", ""0""]"
20260412T023839Z	20260412T010932Z	20260412T000556Z	clinical_patient	er_positivity_method	49	receptor / biomarker	1097	216	881	0.803099	0	880	0	1	0	0	0	0	0	0	0	54	"[""manual counting"", ""Image Analysis"", ""% IHC"", ""Allred score 0+0 = 0"", ""Allred score 5+3 = 8""]"
20260412T023839Z	20260412T010932Z	20260412T000556Z	clinical_patient	pr_positivity_scale_other	54	receptor / biomarker	1097	221	876	0.798541	0	876	0	0	0	0	0	0	0	0	0	66	"["">75%"", ""H-SCORE"", ""Allred score = 0"", ""0"", ""Allred score = 8""]"
20260412T023839Z	20260412T010932Z	20260412T000556Z	clinical_patient	her2_cent17_ratio	65	receptor / biomarker	1097	233	864	0.787603	0	864	0	0	0	0	0	0	0	0	0	78	"[""1.1"", ""1.0"", ""1.3"", ""1.2"", ""1.05""]"
20260412T023839Z	20260412T010932Z	20260412T000556Z	clinical_patient	er_positivity_scale_other	48	receptor / biomarker	1097	242	855	0.779398	0	855	0	0	0	0	0	0	0	0	0	65	"["">75%"", ""Allred score = 8"", ""H-SCORE"", ""Allred Score 8"", ""Allred score = 0""]"
20260412T023839Z	20260412T010932Z	20260412T000556Z	clinical_patient	first_surgical_procedure_other	25	diagnosis / pathology	1097	275	822	0.749316	0	822	0	0	0	0	0	0	0	0	0	76	"[""Surgical Resection"", ""Segmental mastectomy"", ""Patey's Surgery"", ""Wide local excision"", ""segmental mastectomy""]"
20260412T023839Z	20260412T010932Z	20260412T000556Z	clinical_patient	lymph_nodes_examined_ihc_count	36	receptor / biomarker	1097	345	752	0.685506	0	752	0	0	0	0	0	0	0	0	0	6	"[""0"", ""1"", ""2"", ""3"", ""4""]"
20260412T023839Z	20260412T010932Z	20260412T000556Z	clinical_patient	metastatic_tumor_indicator	106	diagnosis / pathology	1097	393	704	0.64175	0	704	0	0	0	0	0	0	0	0	0	2	"[""NO"", ""YES""]"
20260412T023839Z	20260412T010932Z	20260412T000556Z	clinical_patient	her2_fish_status	61	receptor / biomarker	1097	420	677	0.617138	0	81	0	0	596	0	0	0	0	0	0	4	"[""Negative"", ""Positive"", ""Equivocal"", ""Indeterminate""]"
20260412T023839Z	20260412T010932Z	20260412T000556Z	clinical_patient	pr_status_ihc_percent_positive	51	receptor / biomarker	1097	430	667	0.608022	0	667	0	0	0	0	0	0	0	0	0	10	"[""<10%"", ""90-99%"", ""70-79%"", ""10-19%"", ""80-89%""]"
20260412T023839Z	20260412T010932Z	20260412T000556Z	clinical_patient	er_status_ihc_Percent_Positive	45	receptor / biomarker	1097	470	627	0.571559	0	627	0	0	0	0	0	0	0	0	0	10	"[""90-99%"", ""<10%"", ""70-79%"", ""80-89%"", ""10-19%""]"
20260412T023839Z	20260412T010932Z	20260412T000556Z	clinical_patient	her2_ihc_score	58	receptor / biomarker	1097	622	475	0.432999	0	475	0	0	0	0	0	0	0	0	0	4	"[""1+"", ""2+"", ""3+"", ""0""]"
20260412T023839Z	20260412T010932Z	20260412T000556Z	clinical_patient	lymph_nodes_examined	33	diagnosis / pathology	1097	720	377	0.343665	0	375	0	2	0	0	0	0	0	0	0	2	"[""YES"", ""NO""]"
20260412T023839Z	20260412T010932Z	20260412T000556Z	clinical_patient	micromet_detection_by_ihc	32	receptor / biomarker	1097	730	367	0.334549	0	348	0	19	0	0	0	0	0	0	0	2	"[""NO"", ""YES""]"
20260412T023839Z	20260412T010932Z	20260412T000556Z	clinical_patient	axillary_staging_method	30	diagnosis / pathology	1097	881	216	0.196901	0	214	0	2	0	0	0	0	0	0	0	5	"[""Axillary lymph node dissection alone"", ""Sentinel node biopsy alone"", ""Sentinel lymph node biopsy plus axillary dissection"", ""No axillary staging"", ""Other (specify)""]"
20260412T023839Z	20260412T010932Z	20260412T000556Z	clinical_patient	her2_status_by_ihc	56	receptor / biomarker	1097	919	178	0.162261	0	8	0	0	170	0	0	0	0	0	0	4	"[""Negative"", ""Equivocal"", ""Positive"", ""Indeterminate""]"
20260412T023839Z	20260412T010932Z	20260412T000556Z	clinical_patient	ethnicity	10	demographics	1097	923	174	0.158614	0	163	0	8	3	0	0	0	0	0	0	2	"[""NOT HISPANIC OR LATINO"", ""HISPANIC OR LATINO""]"
20260412T023839Z	20260412T010932Z	20260412T000556Z	clinical_patient	lymph_nodes_examined_he_count	35	diagnosis / pathology	1097	929	168	0.153145	0	168	0	0	0	0	0	0	0	0	0	31	"[""0"", ""1"", ""2"", ""3"", ""4""]"
20260412T023839Z	20260412T010932Z	20260412T000556Z	clinical_patient	ajcc_staging_edition	37	stage	1097	956	141	0.128532	0	141	0	0	0	0	0	0	0	0	0	5	"[""6th"", ""7th"", ""5th"", ""4th"", ""3rd""]"
20260412T023839Z	20260412T010932Z	20260412T000556Z	clinical_patient	lymph_nodes_examined_count	34	diagnosis / pathology	1097	971	126	0.114859	0	126	0	0	0	0	0	0	0	0	0	42	"[""2"", ""1"", ""3"", ""4"", ""10""]"
20260412T023839Z	20260412T010932Z	20260412T000556Z	clinical_patient	tumor_status	13	follow-up / outcome-like	1097	972	125	0.113947	0	105	0	20	0	0	0	0	0	0	0	2	"[""TUMOR FREE"", ""WITH TUMOR""]"
20260412T023839Z	20260412T010932Z	20260412T000556Z	clinical_patient	last_contact_days_to	15	follow-up / outcome-like	1097	993	104	0.094804	0	104	0	0	0	0	0	0	0	0	0	649	"[""0"", ""10"", ""7"", ""365"", ""30""]"
20260412T023839Z	20260412T010932Z	20260412T000556Z	clinical_patient	method_initial_path_dx	22	diagnosis / pathology	1097	999	98	0.089335	0	96	0	0	0	2	0	0	0	0	0	7	"[""Core needle biopsy"", ""Tumor resection"", ""Fine needle aspiration biopsy"", ""Other method, specify:"", ""Excisional Biopsy""]"
20260412T023839Z	20260412T010932Z	20260412T000556Z	clinical_patient	race	9	demographics	1097	1002	95	0.0866	0	92	0	0	3	0	0	0	0	0	0	4	"[""WHITE"", ""BLACK OR AFRICAN AMERICAN"", ""ASIAN"", ""AMERICAN INDIAN OR ALASKA NATIVE""]"
20260412T023839Z	20260412T010932Z	20260412T000556Z	clinical_patient	menopause_status	8	demographics	1097	1007	90	0.082042	0	67	0	17	6	0	0	0	0	0	0	4	"[""Post (prior bilateral ovariectomy OR >12 mo since LMP with no prior hysterectomy)"", ""Pre (<6 months since LMP AND no prior bilateral ovariectomy AND not on estrogen replacement)"", ""Peri (6-12 months since last menstrual period)"", ""Indeterminate (neither Pre or Postmenopausal)""]"
20260412T023839Z	20260412T010932Z	20260412T000556Z	clinical_patient	margin_status	26	diagnosis / pathology	1097	1029	68	0.061987	0	65	0	3	0	0	0	0	0	0	0	3	"[""Negative"", ""Positive"", ""Close""]"
20260412T023839Z	20260412T010932Z	20260412T000556Z	clinical_patient	surgical_procedure_first	24	diagnosis / pathology	1097	1042	55	0.050137	0	53	0	1	0	1	0	0	0	0	0	4	"[""Modified Radical Mastectomy"", ""Other"", ""Lumpectomy"", ""Simple Mastectomy""]"
20260412T023839Z	20260412T010932Z	20260412T000556Z	clinical_patient	pr_status_by_ihc	50	receptor / biomarker	1097	1047	50	0.045579	0	0	0	0	50	0	0	0	0	0	0	3	"[""Positive"", ""Negative"", ""Indeterminate""]"
20260412T023839Z	20260412T010932Z	20260412T000556Z	clinical_patient	er_status_by_ihc	44	receptor / biomarker	1097	1048	49	0.044667	0	0	0	0	49	0	0	0	0	0	0	3	"[""Positive"", ""Negative"", ""Indeterminate""]"
20260412T023839Z	20260412T010932Z	20260412T000556Z	clinical_patient	birth_days_to	6	demographics	1097	1082	15	0.013674	0	15	0	0	0	0	0	0	0	0	0	1045	"[""-32872"", ""-22199"", ""-32873"", ""-14122"", ""-14920""]"
20260412T023839Z	20260412T010932Z	20260412T000556Z	clinical_patient	ajcc_pathologic_tumor_stage	41	stage	1097	1086	11	0.010027	0	5	0	0	0	6	0	0	0	0	0	12	"[""Stage IIA"", ""Stage IIB"", ""Stage IIIA"", ""Stage I"", ""Stage IA""]"
20260412T023839Z	20260412T010932Z	20260412T000556Z	clinical_patient	prospective_collection	4	identifier / admin	1097	1093	4	0.003646	0	4	0	0	0	0	0	0	0	0	0	2	"[""NO"", ""YES""]"
20260412T023839Z	20260412T010932Z	20260412T000556Z	clinical_patient	retrospective_collection	5	identifier / admin	1097	1093	4	0.003646	0	4	0	0	0	0	0	0	0	0	0	2	"[""YES"", ""NO""]"
20260412T023839Z	20260412T010932Z	20260412T000556Z	clinical_patient	history_neoadjuvant_treatment	12	treatment / drug	1097	1095	2	0.001823	0	1	0	0	0	1	0	0	0	0	0	2	"[""No"", ""Yes""]"
20260412T023839Z	20260412T010932Z	20260412T000556Z	clinical_patient	initial_pathologic_dx_year	20	stage	1097	1095	2	0.001823	0	2	0	0	0	0	0	0	0	0	0	26	"[""2010"", ""2009"", ""2011"", ""2008"", ""2007""]"
20260412T023839Z	20260412T010932Z	20260412T000556Z	clinical_patient	history_other_malignancy	11	receptor / biomarker	1097	1096	1	0.000912	0	0	0	0	0	1	0	0	0	0	0	2	"[""No"", ""Yes""]"
20260412T023839Z	20260412T010932Z	20260412T000556Z	clinical_patient	histological_type	101	diagnosis / pathology	1097	1096	1	0.000912	0	1	0	0	0	0	0	0	0	0	0	8	"[""Infiltrating Ductal Carcinoma"", ""Infiltrating Lobular Carcinoma"", ""Other, specify"", ""Mixed Histology (please specify)"", ""Mucinous Carcinoma""]"
20260412T023839Z	20260412T010932Z	20260412T000556Z	clinical_patient	bcr_patient_uuid	1	identifier / admin	1097	1097	0	0.0	0	0	0	0	0	0	0	0	0	0	0	1097	"[""001cef41-ff86-4d3f-a140-a647ac4b10a1"", ""0045349c-69d9-4306-a403-c9c1fa836644"", ""00807dae-9f4a-4fd1-aac2-82eb11bf2afb"", ""00B11CA8-8540-4A3D-B602-EC754B00230B"", ""00a2d166-78c9-4687-a195-3d6315c27574""]"
20260412T023839Z	20260412T010932Z	20260412T000556Z	clinical_patient	bcr_patient_barcode	2	identifier / admin	1097	1097	0	0.0	0	0	0	0	0	0	0	0	0	0	0	1097	"[""TCGA-3C-AAAU"", ""TCGA-3C-AALI"", ""TCGA-3C-AALJ"", ""TCGA-3C-AALK"", ""TCGA-4H-AAAK""]"
20260412T023839Z	20260412T010932Z	20260412T000556Z	clinical_patient	form_completion_date	3	identifier / admin	1097	1097	0	0.0	0	0	0	0	0	0	0	0	0	0	0	315	"[""2011-5-27"", ""2010-11-2"", ""2011-4-13"", ""2011-8-2"", ""2011-5-16""]"
20260412T023839Z	20260412T010932Z	20260412T000556Z	clinical_patient	gender	7	demographics	1097	1097	0	0.0	0	0	0	0	0	0	0	0	0	0	0	2	"[""FEMALE"", ""MALE""]"
20260412T023839Z	20260412T010932Z	20260412T000556Z	clinical_patient	vital_status	14	follow-up / outcome-like	1097	1097	0	0.0	0	0	0	0	0	0	0	0	0	0	0	2	"[""Alive"", ""Dead""]"
20260412T023839Z	20260412T010932Z	20260412T000556Z	clinical_patient	age_at_diagnosis	21	demographics	1097	1097	0	0.0	0	0	0	0	0	0	0	0	0	0	0	65	"[""62"", ""63"", ""61"", ""50"", ""54""]"
20260412T023839Z	20260412T010932Z	20260412T000556Z	clinical_patient	ajcc_tumor_pathologic_pt	38	stage	1097	1097	0	0.0	0	0	0	0	0	0	0	0	0	0	0	13	"[""T2"", ""T1c"", ""T3"", ""T1"", ""T4b""]"
20260412T023839Z	20260412T010932Z	20260412T000556Z	clinical_patient	ajcc_nodes_pathologic_pn	39	stage	1097	1097	0	0.0	0	0	0	0	0	0	0	0	0	0	0	16	"[""N0"", ""N1a"", ""N0 (i-)"", ""N1"", ""N2a""]"
20260412T023839Z	20260412T010932Z	20260412T000556Z	clinical_patient	ajcc_metastasis_pathologic_pm	40	stage	1097	1097	0	0.0	0	0	0	0	0	0	0	0	0	0	0	4	"[""M0"", ""MX"", ""M1"", ""cM0 (i+)""]"
20260412T023839Z	20260412T010932Z	20260412T000556Z	clinical_patient	anatomic_neoplasm_subdivision	91	diagnosis / pathology	1097	1097	0	0.0	0	0	0	0	0	0	0	0	0	0	0	53	"[""Left Upper Outer Quadrant"", ""Left"", ""Right Upper Outer Quadrant"", ""Right"", ""Left Upper Inner Quadrant""]"
20260412T023839Z	20260412T010932Z	20260412T000556Z	clinical_patient	days_to_initial_pathologic_diagnosis	96	stage	1097	1097	0	0.0	0	0	0	0	0	0	0	0	0	0	0	1	"[""0""]"
20260412T023839Z	20260412T010932Z	20260412T000556Z	clinical_patient	icd_10	102	diagnosis / pathology	1097	1097	0	0.0	0	0	0	0	0	0	0	0	0	0	0	7	"[""C50.9"", ""C50.3"", ""C50.2"", ""C50.4"", ""C50.8""]"
20260412T023839Z	20260412T010932Z	20260412T000556Z	clinical_patient	icd_o_3_histology	103	diagnosis / pathology	1097	1097	0	0.0	0	0	0	0	0	0	0	0	0	0	0	22	"[""8500/3"", ""8520/3"", ""8522/3"", ""8523/3"", ""8480/3""]"
20260412T023839Z	20260412T010932Z	20260412T000556Z	clinical_patient	icd_o_3_site	104	diagnosis / pathology	1097	1097	0	0.0	0	0	0	0	0	0	0	0	0	0	0	6	"[""C50.9"", ""C50.3"", ""C50.2"", ""C50.4"", ""C50.8""]"
20260412T023839Z	20260412T010932Z	20260412T000556Z	clinical_patient	informed_consent_verified	105	identifier / admin	1097	1097	0	0.0	0	0	0	0	0	0	0	0	0	0	0	1	"[""YES""]"
20260412T023839Z	20260412T010932Z	20260412T000556Z	clinical_patient	patient_id	107	identifier / admin	1097	1097	0	0.0	0	0	0	0	0	0	0	0	0	0	0	1097	"[""A03L"", ""A03M"", ""A03N"", ""A03O"", ""A03P""]"
20260412T023839Z	20260412T010932Z	20260412T000556Z	clinical_patient	tissue_source_site	111	identifier / admin	1097	1097	0	0.0	0	0	0	0	0	0	0	0	0	0	0	40	"[""BH"", ""A2"", ""E2"", ""A8"", ""D8""]"
20260412T023839Z	20260412T010932Z	20260412T000556Z	clinical_patient	tumor_tissue_site	112	diagnosis / pathology	1097	1097	0	0.0	0	0	0	0	0	0	0	0	0	0	0	1	"[""Breast""]"
20260412T023839Z	20260412T010932Z	20260412T000556Z	clinical_radiation	therapy_regimen_other	18	treatment / drug	618	0	618	1.0	0	618	0	0	0	0	0	0	0	0	0	0	[]
20260412T023839Z	20260412T010932Z	20260412T000556Z	clinical_radiation	radiation_type_other	16	radiation	618	5	613	0.991909	0	0	613	0	0	0	0	0	0	0	0	5	"[""Brachytherapy (Iridium 192)"", ""High-dose rate brachytherapy of intracavitary type Mammosite"", ""Partial Breast irradiation using a SAVI catheter"", ""gamma knife radiasurgery"", ""stereostatic radiotherapy""]"
20260412T023839Z	20260412T010932Z	20260412T000556Z	clinical_radiation	treatment_best_response	14	follow-up / outcome-like	618	261	357	0.57767	0	329	1	27	0	0	0	0	0	0	0	4	"[""Complete Response"", ""Radiographic Progressive Disease"", ""Stable Disease"", ""Partial Response""]"
20260412T023839Z	20260412T010932Z	20260412T000556Z	clinical_radiation	course_number	15	radiation	618	267	351	0.567961	0	351	0	0	0	0	0	0	0	0	0	5	"[""1"", ""2"", ""01"", ""3"", ""02""]"
20260412T023839Z	20260412T010932Z	20260412T000556Z	clinical_radiation	therapy_regimen	17	treatment / drug	618	312	306	0.495146	0	306	0	0	0	0	0	0	0	0	0	4	"[""ADJUVANT"", ""PALLIATIVE"", ""RECURRENCE"", ""PROGRESSION""]"
20260412T023839Z	20260412T010932Z	20260412T000556Z	clinical_radiation	radiation_adjuvant_fractions_total	10	radiation	618	447	171	0.276699	0	171	0	0	0	0	0	0	0	0	0	49	"[""33"", ""25"", ""28"", ""30"", ""36""]"
20260412T023839Z	20260412T010932Z	20260412T000556Z	clinical_radiation	radiation_total_dose	8	radiation	618	534	84	0.135922	0	84	0	0	0	0	0	0	0	0	0	127	"[""6040"", ""5040"", ""6000"", ""5000"", ""4500""]"
20260412T023839Z	20260412T010932Z	20260412T000556Z	clinical_radiation	radiation_adjuvant_units	9	radiation	618	561	57	0.092233	0	57	0	0	0	0	0	0	0	0	0	2	"[""cGy"", ""Gy""]"
20260412T023839Z	20260412T010932Z	20260412T000556Z	clinical_radiation	radiation_therapy_started_days_to	11	radiation	618	594	24	0.038835	0	23	0	0	0	1	0	0	0	0	0	267	"[""153"", ""181"", ""211"", ""218"", ""188""]"
20260412T023839Z	20260412T010932Z	20260412T000556Z	clinical_radiation	radiation_therapy_ended_days_to	13	radiation	618	597	21	0.033981	0	21	0	0	0	0	0	0	0	0	0	275	"[""212"", ""246"", ""263"", ""275"", ""184""]"
20260412T023839Z	20260412T010932Z	20260412T000556Z	clinical_radiation	radiation_therapy_site	7	radiation	618	598	20	0.032362	0	17	0	3	0	0	0	0	0	0	0	5	"[""Primary Tumor Field"", ""Regional site"", ""Distant Recurrence"", ""Distant site"", ""Local Recurrence""]"
20260412T023839Z	20260412T010932Z	20260412T000556Z	clinical_radiation	radiation_therapy_type	6	radiation	618	599	19	0.030744	0	15	0	4	0	0	0	0	0	0	0	5	"[""External"", ""EXTERNAL BEAM"", ""OTHER"", ""IMPLANTS"", ""RADIOISOTOPE""]"
20260412T023839Z	20260412T010932Z	20260412T000556Z	clinical_radiation	radiation_therapy_ongoing_indicator	12	radiation	618	612	6	0.009709	0	6	0	0	0	0	0	0	0	0	0	2	"[""NO"", ""YES""]"
20260412T023839Z	20260412T010932Z	20260412T000556Z	clinical_radiation	bcr_patient_uuid	1	identifier / admin	618	618	0	0.0	0	0	0	0	0	0	0	0	0	0	0	528	"[""A412B374-4D25-491F-B76F-DDAA989ACF59"", ""4a032bad-e726-48f2-8f39-e3acc109cc91"", ""5A53EC47-E63F-44A2-8078-87659544FB04"", ""8d5fe6e8-d2cc-481f-a6a1-9cb6e7982cde"", ""C07B122E-AC50-4DB2-ADD2-5617A5D0E976""]"
20260412T023839Z	20260412T010932Z	20260412T000556Z	clinical_radiation	bcr_patient_barcode	2	identifier / admin	618	618	0	0.0	0	0	0	0	0	0	0	0	0	0	0	528	"[""TCGA-E9-A5UP"", ""TCGA-A2-A0EW"", ""TCGA-A2-A3XT"", ""TCGA-A2-A4RY"", ""TCGA-BH-A0BZ""]"
20260412T023839Z	20260412T010932Z	20260412T000556Z	clinical_radiation	bcr_radiation_barcode	3	identifier / admin	618	618	0	0.0	0	0	0	0	0	0	0	0	0	0	0	618	"[""TCGA-3C-AALI-R62901"", ""TCGA-5L-AAT0-R63722"", ""TCGA-5T-A9QA-R66894"", ""TCGA-A1-A0SN-R12068"", ""TCGA-A1-A0SO-R4448""]"
20260412T023839Z	20260412T010932Z	20260412T000556Z	clinical_radiation	bcr_radiation_uuid	4	identifier / admin	618	618	0	0.0	0	0	0	0	0	0	0	0	0	0	0	618	"[""012E4A45-96F2-4842-A729-363AC3BDF8E8"", ""0161D7CC-AED1-4B99-B6DC-36967E820C26"", ""022E96E7-CD23-4434-A287-97397DC0002B"", ""02DB7B9E-B9A1-471B-A309-5BFE13679395"", ""0322ED7F-C303-4755-B8C3-4FED19B89D49""]"
20260412T023839Z	20260412T010932Z	20260412T000556Z	clinical_radiation	form_completion_date	5	identifier / admin	618	618	0	0.0	0	0	0	0	0	0	0	0	0	0	0	250	"[""2012-12-11"", ""2010-11-17"", ""2014-5-1"", ""2010-12-8"", ""2012-3-19""]"
