baseline_feature_set_v1_run_id	summary_section	summary_metric	summary_value	notes
20260414T004822Z	design	baseline_feature_set_v1_status	baseline_feature_set_v1_complete	This workflow builds a first clean baseline feature-set table only; it does not perform modeling.
20260414T004822Z	design	feature_source_table	baseline_analysis_v1	The feature-set starts only from the saved baseline_analysis_v1 TSV on disk.
20260414T004822Z	design	feature_selection_scope	baseline_clinical_fields_only	Endpoint, follow-up evidence, biospecimen evidence, audit fields, and derived flags are kept out.
20260414T004822Z	design	unit_of_analysis	patient/case	The feature-set preserves one row per patient/case from baseline_analysis_v1.
20260414T004822Z	design	review_field_decision_policy	"{""ethnicity"": ""include_in_feature_set_v1"", ""gender"": ""include_in_feature_set_v1"", ""icd_10"": ""exclude_from_feature_set_v1"", ""icd_o_3_site"": ""exclude_from_feature_set_v1""}"	Only the four approved review-needed baseline clinical fields receive fixed include/exclude decisions.
20260414T004822Z	design	endpoint_policy	excluded_not_frozen	Endpoint candidates remain blocked and are not part of baseline feature-set v1.
20260414T004822Z	design	treatment_policy	excluded	Treatment detail remains excluded from this feature-set workflow.
20260414T004822Z	inputs	baseline_analysis_v1_run_id	20260413T213900Z	Baseline-analysis-prep run used as the patient-level source table.
20260414T004822Z	inputs	baseline_profile_v1_run_id	20260414T000119Z	Baseline-profile run used as the saved field-selection evidence layer.
20260414T004822Z	inputs	cohort_v1_build_id	20260413T202134Z	Source minimal cohort v1 build carried forward through baseline_analysis_v1.
20260414T004822Z	inputs	ambiguity_resolution_run_id	20260413T085636Z	Current ambiguity-resolution run aligned to the saved baseline inputs.
20260414T004822Z	inputs	shortlist_run_id	20260412T033602Z	Current clinical shortlist run aligned to the saved baseline inputs.
20260414T004822Z	row_counts	input_baseline_analysis_v1_row_count	1097	Row count read directly from baseline_analysis_v1.tsv.
20260414T004822Z	row_counts	final_row_count	1097	Final patient-level row count represented in baseline feature-set v1.
20260414T004822Z	field_selection	included_feature_count	25	Total number of retained baseline clinical fields included in feature-set v1.
20260414T004822Z	field_selection	auto_included_feature_count	23	Included fields auto-selected from candidate_for_baseline_modeling_prep.
20260414T004822Z	field_selection	review_decided_included_feature_count	2	Included fields admitted only through the fixed four-field review-decision block.
20260414T004822Z	field_selection	review_decided_excluded_feature_count	2	Excluded baseline clinical fields resolved only through the fixed four-field review-decision block.
20260414T004822Z	field_selection	included_feature_names_json	"[""age_at_diagnosis"", ""ajcc_metastasis_pathologic_pm"", ""ajcc_nodes_pathologic_pn"", ""ajcc_pathologic_tumor_stage"", ""ajcc_staging_edition"", ""ajcc_tumor_pathologic_pt"", ""anatomic_neoplasm_subdivision"", ""axillary_staging_method"", ""birth_days_to"", ""er_status_by_ihc"", ""ethnicity"", ""gender"", ""her2_status_by_ihc"", ""histological_type"", ""history_other_malignancy"", ""icd_o_3_histology"", ""initial_pathologic_dx_year"", ""lymph_nodes_examined_count"", ""lymph_nodes_examined_he_count"", ""margin_status"", ""menopause_status"", ""method_initial_path_dx"", ""pr_status_by_ihc"", ""race"", ""surgical_procedure_first""]"	Feature names included in baseline_feature_set_v1.tsv, in saved column order.
20260414T004822Z	field_selection	fields_deliberately_kept_out_json	"[""cohort_v1_build_id"", ""baseline_analysis_v1_row_id"", ""provisional_patient_row_id"", ""bcr_patient_barcode"", ""bcr_patient_uuid"", ""ambiguity_note_flags_json"", ""join_status_flags_json"", ""followup_match_row_count"", ""biospecimen_sample_match_row_count"", ""row_has_followup_match"", ""row_has_biospecimen_sample_match"", ""row_has_both_patient_ids"", ""row_missing_one_patient_id"", ""icd_10"", ""icd_o_3_site"", ""clinical_patient__last_contact_days_to"", ""clinical_patient__new_tumor_event_dx_indicator"", ""clinical_patient__tumor_status"", ""clinical_patient__vital_status"", ""clinical_follow_up_v4_0__bcr_followup_barcode_json"", ""clinical_follow_up_v4_0__bcr_followup_uuid_json"", ""clinical_follow_up_v4_0__followup_lost_to_json"", ""clinical_follow_up_v4_0__last_contact_days_to_json"", ""clinical_follow_up_v4_0__new_tumor_event_dx_indicator_json"", ""clinical_follow_up_v4_0__tumor_status_json"", ""clinical_follow_up_v4_0__vital_status_json"", ""biospecimen_sample__bcr_patient_uuid_json"", ""biospecimen_sample__bcr_sample_barcode_json"", ""biospecimen_sample__bcr_sample_uuid_json""]"	Retained baseline-profile fields deliberately excluded from baseline_feature_set_v1.tsv.
20260414T004822Z	field_selection	review_field_decision_outcomes_json	"[{""field_name"": ""ethnicity"", ""feature_set_v1_decision"": ""include_in_feature_set_v1"", ""candidate_bucket"": ""candidate_but_review_needed"", ""missing_like_fraction"": ""0.158614"", ""dominant_value_fraction"": ""0.957746"", ""distinct_non_missing_count"": ""2"", ""reason"": ""Fixed review-field decision: keep ethnicity in baseline feature-set v1 because the saved profile missingness remains acceptable for first-pass baseline prep even though the non-missing distribution is near-constant. The retained baseline clinical field still varies, but its dominant category is unusually strong and should be reviewed before first-pass baseline modeling prep (missing_like_fraction=0.159, distinct_non_missing_count=2, dominant_value_fraction=0.958).""}, {""field_name"": ""gender"", ""feature_set_v1_decision"": ""include_in_feature_set_v1"", ""candidate_bucket"": ""candidate_but_review_needed"", ""missing_like_fraction"": ""0.000000"", ""dominant_value_fraction"": ""0.989061"", ""distinct_non_missing_count"": ""2"", ""reason"": ""Fixed review-field decision: keep gender in baseline feature-set v1 because it is complete and remains an explicitly retained baseline demographic field. The retained baseline clinical field still varies, but its dominant category is unusually strong and should be reviewed before first-pass baseline modeling prep (missing_like_fraction=0.000, distinct_non_missing_count=2, dominant_value_fraction=0.989).""}, {""field_name"": ""icd_10"", ""feature_set_v1_decision"": ""exclude_from_feature_set_v1"", ""candidate_bucket"": ""candidate_but_review_needed"", ""missing_like_fraction"": ""0.000000"", ""dominant_value_fraction"": ""0.989973"", ""distinct_non_missing_count"": ""7"", ""reason"": ""Fixed review-field decision: keep icd_10 out of baseline feature-set v1 because the saved profile shows a strongly dominant code distribution for this first-pass prep layer. The retained baseline clinical field still varies, but its dominant category is unusually strong and should be reviewed before first-pass baseline modeling prep (missing_like_fraction=0.000, distinct_non_missing_count=7, dominant_value_fraction=0.990).""}, {""field_name"": ""icd_o_3_site"", ""feature_set_v1_decision"": ""exclude_from_feature_set_v1"", ""candidate_bucket"": ""candidate_but_review_needed"", ""missing_like_fraction"": ""0.000000"", ""dominant_value_fraction"": ""0.990884"", ""distinct_non_missing_count"": ""6"", ""reason"": ""Fixed review-field decision: keep icd_o_3_site out of baseline feature-set v1 because the saved profile shows a strongly dominant site-code distribution for this first-pass prep layer. The retained baseline clinical field still varies, but its dominant category is unusually strong and should be reviewed before first-pass baseline modeling prep (missing_like_fraction=0.000, distinct_non_missing_count=6, dominant_value_fraction=0.991).""}]"	Fixed include/exclude outcomes for ethnicity, gender, icd_10, and icd_o_3_site.
20260414T004822Z	readiness	readiness_for_first_pass_baseline_model_input	ready	The saved feature-set is ready as a first-pass baseline model-input table only.
20260414T004822Z	readiness	endpoint_freeze_status	blocked	Endpoint freeze remains blocked and endpoint candidate fields stay out of feature-set v1.
20260414T004822Z	readiness	treatment_inclusion_status	excluded	Treatment detail remains excluded from this feature-set workflow.
20260414T004822Z	readiness	overall_readiness_interpretation	suitable_for_first_pass_baseline_model_input_only	Use this layer for first-pass baseline model input preparation, descriptive review, and missingness review only; do not treat it as endpoint freeze, treatment modeling, or model training.
